calldroprate,callfailurerate,customerid,monthlybilledamount,noadditionallines,numberofcomplaints,numberofmonthunpaid,numdayscontractequipmentplanexpiring,penaltytoswitch,totalminsusedinlastmonth,unpaidbalance,usesinternetservice,usesvoiceservice,percentagecalloutsidenetwork,totalcallduration,avgcallduration,churn,year,month
0.06,0,1,71,\N,0,7,96,371,15,19,No,No,0.82,5971,663,0,2015,1
0.06,0,1,71,\N,0,7,96,371,15,19,No,No,0.82,3981,995,0,2015,2
0.05,0.01,2,8,\N,1,4,14,43,212,34,No,Yes,0.27,7379,737,0,2015,1
0.05,0.01,2,8,\N,1,4,14,43,212,34,No,Yes,0.27,1729,432,0,2015,2
0.07,0.02,3,16,\N,0,2,55,403,216,144,No,No,0.48,3122,624,0,2015,1
0.07,0.02,3,16,\N,0,2,55,403,216,144,No,No,0.48,2769,553,0,2015,2
0.05,0.03,4,74,\N,1,7,73,76,412,159,Yes,No,0.94,834,834,0,2015,1
0.05,0.03,4,74,\N,1,7,73,76,412,159,Yes,No,0.94,5868,838,0,2015,2
0.07,0,5,81,\N,0,5,14,436,416,19,No,No,0.15,1886,628,0,2015,1
0.07,0,5,81,\N,0,5,14,436,416,19,No,No,0.15,2602,867,0,2015,2
0.05,0.01,6,19,\N,1,2,32,108,113,34,No,No,0.61,2737,391,0,2015,1
0.05,0.01,6,19,\N,1,2,32,108,113,34,No,No,0.61,5845,835,0,2015,2
0.07,0.02,7,27,\N,3,0,73,468,116,144,No,No,0.82,3342,557,0,2015,1
0.07,0.02,7,27,\N,3,0,73,468,116,144,No,No,0.82,2428,809,0,2015,2
0.05,0.03,8,85,\N,1,5,91,141,313,159,No,No,0.27,2446,815,0,2015,1
0.05,0.03,8,85,\N,1,5,91,141,313,159,No,No,0.27,4882,813,0,2015,2
0.07,0,9,92,\N,3,3,32,1,316,19,No,No,0.48,2065,516,0,2015,1
0.07,0,9,92,\N,3,3,32,1,316,19,No,No,0.48,2802,560,0,2015,2
0.07,0,9,92,\N,3,3,32,1,316,19,No,No,0.48,268,268,0,2015,3
0.06,0.01,10,30,\N,0,0,50,173,13,34,No,No,0.94,3022,755,1,2015,1
0.06,0.01,10,30,\N,0,0,50,173,13,34,No,No,0.94,3076,615,1,2015,2
0.06,0.01,10,30,\N,0,0,50,173,13,34,No,No,0.94,626,626,1,2015,3
0,0.02,11,37,\N,3,6,91,34,17,144,No,Yes,0.15,3968,661,0,2015,1
0,0.02,11,37,\N,3,6,91,34,17,144,No,Yes,0.15,3685,737,0,2015,2
0.06,0.03,12,95,\N,0,4,9,206,214,159,No,No,0.61,1392,696,0,2015,1
0.06,0.03,12,95,\N,0,4,9,206,214,159,No,No,0.61,1456,485,0,2015,2
0.06,0.03,12,95,\N,0,4,9,206,214,159,No,No,0.61,378,378,0,2015,3
0,0,13,103,\N,3,1,50,66,217,19,No,No,0.82,6780,968,0,2015,1
0,0,13,103,\N,3,1,50,66,217,19,No,No,0.82,2277,1138,0,2015,2
0.06,0.01,14,41,\N,0,7,68,239,414,34,No,No,0.27,3877,775,0,2015,1
0.06,0.01,14,41,\N,0,7,68,239,414,34,No,No,0.27,2675,1337,0,2015,2
0,0.02,15,48,\N,2,4,8,99,417,144,No,No,0.48,3624,604,0,2015,1
0,0.02,15,48,\N,2,4,8,99,417,144,No,No,0.48,825,412,0,2015,2
0.06,0.03,16,106,\N,0,2,27,271,114,159,No,No,0.94,3595,599,0,2015,1
0.06,0.03,16,106,\N,0,2,27,271,114,159,No,No,0.94,1890,472,0,2015,2
0.06,0.03,16,106,\N,0,2,27,271,114,159,No,No,0.94,1248,1248,0,2015,3
0,0,17,114,\N,2,7,67,131,118,19,No,No,0.15,3716,929,0,2015,1
0,0,17,114,\N,2,7,67,131,118,19,No,No,0.15,3966,661,0,2015,2
0.07,0.01,18,52,\N,3,5,86,304,315,34,No,No,0.61,3646,607,0,2015,1
0.07,0.01,18,52,\N,3,5,86,304,315,34,No,No,0.61,4605,767,0,2015,2
0.01,0.02,19,59,\N,2,2,26,164,318,144,No,No,0.82,6031,861,0,2015,1
0.01,0.02,19,59,\N,2,2,26,164,318,144,No,No,0.82,3828,765,0,2015,2
0.07,0.03,20,117,\N,3,0,45,336,15,159,No,No,0.28,1922,961,0,2015,1
0.07,0.03,20,117,\N,3,0,45,336,15,159,No,No,0.28,2659,886,0,2015,2
0.01,0,21,4,\N,1,5,85,196,18,19,No,No,0.49,4680,936,0,2015,1
0.01,0,21,4,\N,1,5,85,196,18,19,No,No,0.49,2918,729,0,2015,2
0.07,0.01,22,62,\N,3,3,4,369,215,34,No,No,0.94,4746,527,0,2015,1
0.07,0.01,22,62,\N,3,3,4,369,215,34,No,No,0.94,5287,881,0,2015,2
0.07,0.01,22,62,\N,3,3,4,369,215,34,No,No,0.94,995,497,0,2015,3
0.01,0.02,23,70,\N,1,0,44,229,219,144,No,No,0.15,1175,587,0,2015,1
0.01,0.02,23,70,\N,1,0,44,229,219,144,No,No,0.15,5389,598,0,2015,2
0.07,0.03,24,8,\N,2,6,63,401,416,159,No,Yes,0.61,4992,998,0,2015,1
0.07,0.03,24,8,\N,2,6,63,401,416,159,No,Yes,0.61,4041,505,0,2015,2
0.01,0,25,15,\N,1,3,3,261,419,19,No,No,0.82,3219,643,0,2015,1
0.01,0,25,15,\N,1,3,3,261,419,19,No,No,0.82,3228,645,0,2015,2
0,0,26,73,\N,2,1,22,434,116,34,No,No,0.28,5926,592,0,2015,1
0,0,26,73,\N,2,1,22,434,116,34,No,No,0.28,1875,625,0,2015,2
0.02,0.02,27,81,\N,1,6,62,294,119,144,No,No,0.49,7748,704,0,2015,1
0.02,0.02,27,81,\N,1,6,62,294,119,144,No,No,0.49,6669,833,0,2015,2
0.02,0.02,27,81,\N,1,6,62,294,119,144,No,No,0.49,405,405,0,2015,3
0,0.02,28,18,\N,2,4,81,466,316,159,No,No,0.94,7215,721,0,2015,1
0,0.02,28,18,\N,2,4,81,466,316,159,No,No,0.94,1614,807,0,2015,2
0.02,0,29,26,\N,0,1,21,327,320,19,Yes,No,0.15,6115,611,0,2015,1
0.02,0,29,26,\N,0,1,21,327,320,19,Yes,No,0.15,2102,420,0,2015,2
0,0,30,84,\N,2,7,39,499,16,34,No,No,0.61,4933,704,0,2015,1
0,0,30,84,\N,2,7,39,499,16,34,No,No,0.61,6507,813,0,2015,2
0.02,0.02,31,91,\N,0,5,80,359,20,144,No,No,0.82,2707,541,0,2015,1
0.02,0.02,31,91,\N,0,5,80,359,20,144,No,No,0.82,5199,742,0,2015,2
0.02,0.02,31,91,\N,0,5,80,359,20,144,No,No,0.82,270,270,0,2015,3
0,0.02,32,29,\N,1,2,98,32,217,159,No,No,0.28,3978,795,0,2015,1
0,0.02,32,29,\N,1,2,98,32,217,159,No,No,0.28,3795,759,0,2015,2
0.02,0,33,37,\N,0,0,39,392,220,19,No,Yes,0.49,1596,399,0,2015,1
0.02,0,33,37,\N,0,0,39,392,220,19,No,Yes,0.49,7474,1067,0,2015,2
0.01,0,34,95,\N,1,5,57,64,417,34,No,No,0.94,5974,746,0,2015,1
0.01,0,34,95,\N,1,5,57,64,417,34,No,No,0.94,3903,975,0,2015,2
0.01,0,34,95,\N,1,5,57,64,417,34,No,No,0.94,331,331,0,2015,3
0.03,0.02,35,102,\N,0,3,98,424,420,144,No,No,0.16,2198,732,0,2015,1
0.03,0.02,35,102,\N,0,3,98,424,420,144,No,No,0.16,8067,733,0,2015,2
0.01,0.02,36,40,\N,1,0,16,97,117,159,No,No,0.61,3994,998,0,2015,1
0.01,0.02,36,40,\N,1,0,16,97,117,159,No,No,0.61,4002,1000,0,2015,2
0.01,0.02,36,40,\N,1,0,16,97,117,159,No,No,0.61,1083,1083,0,2015,3
0.03,0,37,47,\N,3,6,57,457,121,19,No,No,0.82,1384,346,0,2015,1
0.03,0,37,47,\N,3,6,57,457,121,19,No,No,0.82,4753,950,0,2015,2
0.01,0,38,105,\N,1,3,75,129,318,34,No,No,0.28,2849,949,0,2015,1
0.01,0,38,105,\N,1,3,75,129,318,34,No,No,0.28,3537,707,0,2015,2
0.01,0,38,105,\N,1,3,75,129,318,34,No,No,0.28,2622,1311,0,2015,3
0.03,0.02,39,113,\N,3,1,16,489,321,143,No,No,0.49,3015,603,0,2015,1
0.03,0.02,39,113,\N,3,1,16,489,321,143,No,No,0.49,1514,504,0,2015,2
0.01,0.02,40,51,\N,0,6,34,162,18,158,No,No,0.95,5173,862,0,2015,1
0.01,0.02,40,51,\N,0,6,34,162,18,158,No,No,0.95,2143,428,0,2015,2
0.03,0,41,58,\N,3,4,75,22,21,18,No,No,0.16,2614,326,0,2015,1
0.03,0,41,58,\N,3,4,75,22,21,18,No,No,0.16,2175,1087,0,2015,2
0.02,0,42,116,\N,0,2,93,194,218,33,No,No,0.61,5422,1084,1,2015,1
0.02,0,42,116,\N,0,2,93,194,218,33,No,No,0.61,2938,734,1,2015,2
0.04,0.02,43,4,\N,2,7,33,54,222,143,No,No,0.82,2916,583,0,2015,1
0.04,0.02,43,4,\N,2,7,33,54,222,143,No,No,0.82,3946,657,0,2015,2
0.02,0.02,44,62,\N,0,5,52,227,419,158,No,No,0.28,7311,609,0,2015,1
0.02,0.02,44,62,\N,0,5,52,227,419,158,No,No,0.28,582,582,0,2015,2
0.02,0.02,44,62,\N,0,5,52,227,419,158,No,No,0.28,1340,1340,0,2015,3
0.04,0,45,69,\N,2,2,92,87,422,18,No,No,0.49,1761,587,0,2015,1
0.04,0,45,69,\N,2,2,92,87,422,18,No,No,0.49,7002,1000,0,2015,2
0.02,0,46,7,\N,3,0,11,259,119,33,No,Yes,0.95,5350,668,0,2015,1
0.02,0,46,7,\N,3,0,11,259,119,33,No,Yes,0.95,3806,761,0,2015,2
0.04,0.02,47,14,\N,2,5,51,120,122,143,No,No,0.16,3793,948,0,2015,1
0.04,0.02,47,14,\N,2,5,51,120,122,143,No,No,0.16,3670,734,0,2015,2
0.02,0.02,48,72,\N,3,3,70,292,319,158,No,No,0.61,7422,530,0,2015,1
0.02,0.02,48,72,\N,3,3,70,292,319,158,No,No,0.61,3907,976,0,2015,2
0.02,0.02,48,72,\N,3,3,70,292,319,158,No,No,0.61,867,867,0,2015,3
0.04,0,49,80,\N,2,0,10,152,323,18,No,No,0.83,6501,812,0,2015,1
0.04,0,49,80,\N,2,0,10,152,323,18,No,No,0.83,1937,484,0,2015,2
0.03,0,50,18,\N,3,6,29,325,20,33,No,No,0.28,2851,950,0,2015,1
0.03,0,50,18,\N,3,6,29,325,20,33,No,No,0.28,4723,674,0,2015,2
0.03,0,50,18,\N,3,6,29,325,20,33,No,No,0.28,862,862,0,2015,3
0.06,0,51,109,\N,0,0,98,1,119,68,No,No,0.81,4356,622,0,2015,1
0.06,0,51,109,\N,0,0,98,1,119,68,No,No,0.81,3844,427,0,2015,2
0,0.02,52,116,\N,3,5,39,361,122,178,No,No,0.02,1603,400,0,2015,1
0,0.02,52,116,\N,3,5,39,361,122,178,No,No,0.02,964,482,0,2015,2
0.07,0.02,53,54,\N,0,3,57,33,319,193,No,No,0.48,4873,812,0,2015,1
0.07,0.02,53,54,\N,0,3,57,33,319,193,No,No,0.48,4273,1068,0,2015,2
0.01,0.03,54,61,\N,2,1,97,393,322,53,No,No,0.69,6260,894,0,2015,1
0.01,0.03,54,61,\N,2,1,97,393,322,53,No,No,0.69,7081,885,0,2015,2
0.01,0.03,54,61,\N,2,1,97,393,322,53,No,No,0.69,773,386,0,2015,3
0.07,0,55,119,\N,0,6,16,66,19,68,No,Yes,0.15,4982,996,0,2015,1
0.07,0,55,119,\N,0,6,16,66,19,68,No,Yes,0.15,996,332,0,2015,2
0.01,0.01,56,7,\N,2,4,56,426,23,178,No,No,0.36,3399,566,0,2015,1
0.01,0.01,56,7,\N,2,4,56,426,23,178,No,No,0.36,5970,852,0,2015,2
0.07,0.02,57,65,\N,3,1,75,98,220,193,No,No,0.81,5120,1024,0,2015,1
0.07,0.02,57,65,\N,3,1,75,98,220,193,No,No,0.81,3488,581,0,2015,2
0.01,0.03,58,72,\N,2,7,15,459,223,53,No,No,0.02,2541,635,0,2015,1
0.01,0.03,58,72,\N,2,7,15,459,223,53,No,No,0.02,1979,659,0,2015,2
0.07,0,59,10,\N,3,4,34,131,420,68,No,No,0.48,2094,418,1,2015,1
0.07,0,59,10,\N,3,4,34,131,420,68,No,No,0.48,4678,779,1,2015,2
0.01,0.01,60,18,\N,2,2,74,491,423,178,No,No,0.69,1248,416,0,2015,1
0.01,0.01,60,18,\N,2,2,74,491,423,178,No,No,0.69,2401,1200,0,2015,2
0,0.02,61,75,\N,3,7,93,164,120,193,No,No,0.15,4894,699,0,2015,1
0,0.02,61,75,\N,3,7,93,164,120,193,No,No,0.15,4258,532,0,2015,2
0,0.02,61,75,\N,3,7,93,164,120,193,No,No,0.15,1433,1433,0,2015,3
0.02,0.03,62,83,\N,1,5,33,24,124,53,No,No,0.36,7318,731,0,2015,1
0.02,0.03,62,83,\N,1,5,33,24,124,53,No,No,0.36,3930,786,0,2015,2
0,0,63,21,\N,2,2,52,196,321,68,No,No,0.81,2422,807,0,2015,1
0,0,63,21,\N,2,2,52,196,321,68,No,No,0.81,4606,1151,0,2015,2
0,0,63,21,\N,2,2,52,196,321,68,No,No,0.81,222,222,0,2015,3
0.02,0.01,64,28,\N,1,0,92,56,324,178,No,Yes,0.03,5519,919,0,2015,1
0.02,0.01,64,28,\N,1,0,92,56,324,178,No,Yes,0.03,3209,458,0,2015,2
0,0.02,65,86,\N,2,6,11,229,21,193,No,No,0.48,3286,657,0,2015,1
0,0.02,65,86,\N,2,6,11,229,21,193,No,No,0.48,3688,737,0,2015,2
0.02,0.03,66,94,\N,1,3,51,89,24,53,Yes,No,0.69,4067,1016,0,2015,1
0.02,0.03,66,94,\N,1,3,51,89,24,53,Yes,No,0.69,2319,773,0,2015,2
0,0,67,32,\N,2,1,70,261,221,68,No,No,0.15,5147,643,0,2015,1
0,0,67,32,\N,2,1,70,261,221,68,No,No,0.15,5823,582,0,2015,2
0.02,0.01,68,39,\N,0,6,10,121,225,178,No,No,0.36,5234,872,0,2015,1
0.02,0.01,68,39,\N,0,6,10,121,225,178,No,No,0.36,4123,824,0,2015,2
0.01,0.02,69,97,\N,2,4,29,294,422,193,No,No,0.82,3129,782,0,2015,1
0.01,0.02,69,97,\N,2,4,29,294,422,193,No,No,0.82,4858,971,0,2015,2
0.03,0.03,70,104,\N,0,1,69,154,425,53,No,No,0.03,1562,781,0,2015,1
0.03,0.03,70,104,\N,0,1,69,154,425,53,No,No,0.03,3241,810,0,2015,2
0.03,0.03,70,104,\N,0,1,69,154,425,53,No,No,0.03,761,761,0,2015,3
0.01,0,71,42,\N,1,7,87,326,122,68,No,No,0.48,6985,776,0,2015,1
0.01,0,71,42,\N,1,7,87,326,122,68,No,No,0.48,5668,944,0,2015,2
0.03,0.01,72,50,\N,0,4,28,186,125,178,No,No,0.69,410,410,0,2015,1
0.03,0.01,72,50,\N,0,4,28,186,125,178,No,No,0.69,4271,1067,0,2015,2
0.01,0.02,73,108,\N,1,2,46,359,322,193,No,No,0.15,2215,1107,0,2015,1
0.01,0.02,73,108,\N,1,2,46,359,322,193,No,No,0.15,4283,856,0,2015,2
0.03,0.03,74,115,\N,0,7,87,219,326,53,No,No,0.36,2620,436,0,2015,1
0.03,0.03,74,115,\N,0,7,87,219,326,53,No,No,0.36,5222,746,0,2015,2
0.01,0,75,53,\N,1,5,5,391,22,68,No,No,0.82,6683,668,0,2015,1
0.01,0,75,53,\N,1,5,5,391,22,68,No,No,0.82,4678,668,0,2015,2
0.03,0.01,76,61,\N,3,2,46,252,26,178,No,No,0.03,2770,395,0,2015,1
0.03,0.01,76,61,\N,3,2,46,252,26,178,No,No,0.03,6140,877,0,2015,2
0.02,0.02,77,119,\N,1,0,64,424,223,193,No,Yes,0.48,4680,780,0,2015,1
0.02,0.02,77,119,\N,1,0,64,424,223,193,No,Yes,0.48,4061,676,0,2015,2
0.02,0.02,77,119,\N,1,0,64,424,223,193,No,Yes,0.48,421,421,0,2015,3
0.04,0.03,78,6,\N,3,5,5,284,226,53,No,No,0.7,1804,360,0,2015,1
0.04,0.03,78,6,\N,3,5,5,284,226,53,No,No,0.7,1783,891,0,2015,2
0.02,0,79,64,\N,0,3,23,457,423,68,No,No,0.15,2090,696,0,2015,1
0.02,0,79,64,\N,0,3,23,457,423,68,No,No,0.15,4787,797,0,2015,2
0.04,0.01,80,71,\N,3,0,64,317,426,178,No,No,0.36,1398,699,1,2015,1
0.04,0.01,80,71,\N,3,0,64,317,426,178,No,No,0.36,4135,689,1,2015,2
0.02,0.02,81,9,\N,0,6,82,489,123,193,No,No,0.82,6227,889,0,2015,1
0.02,0.02,81,9,\N,0,6,82,489,123,193,No,No,0.82,3661,610,0,2015,2
0.02,0.02,81,9,\N,0,6,82,489,123,193,No,No,0.82,811,811,0,2015,3
0.04,0.03,82,17,\N,2,4,23,349,127,53,No,No,0.03,2644,1322,0,2015,1
0.04,0.03,82,17,\N,2,4,23,349,127,53,No,No,0.03,3116,779,0,2015,2
0.02,0,83,75,\N,0,1,41,22,324,68,Yes,No,0.49,2084,694,0,2015,1
0.02,0,83,75,\N,0,1,41,22,324,68,Yes,No,0.49,4010,668,0,2015,2
0.02,0,83,75,\N,0,1,41,22,324,68,Yes,No,0.49,292,292,0,2015,3
0.04,0.01,84,82,\N,2,7,81,382,327,178,No,No,0.7,6657,739,0,2015,1
0.04,0.01,84,82,\N,2,7,81,382,327,178,No,No,0.7,2961,987,0,2015,2
0.03,0.02,85,20,\N,3,4,0,54,24,193,No,No,0.15,5239,873,0,2015,1
0.03,0.02,85,20,\N,3,4,0,54,24,193,No,No,0.15,5408,1081,0,2015,2
0.05,0.03,86,28,\N,2,2,40,414,27,53,No,Yes,0.36,5971,995,0,2015,1
0.05,0.03,86,28,\N,2,2,40,414,27,53,No,Yes,0.36,4931,986,0,2015,2
0.03,0,87,85,\N,3,7,59,87,224,68,No,No,0.82,3502,583,0,2015,1
0.03,0,87,85,\N,3,7,59,87,224,68,No,No,0.82,2904,726,0,2015,2
0.05,0.01,88,93,\N,2,5,99,447,228,178,No,No,0.03,4301,716,0,2015,1
0.05,0.01,88,93,\N,2,5,99,447,228,178,No,No,0.03,3067,613,0,2015,2
0.03,0.02,89,31,\N,3,2,18,119,425,193,No,No,0.49,1933,483,0,2015,1
0.03,0.02,89,31,\N,3,2,18,119,425,193,No,No,0.49,5156,572,0,2015,2
0.03,0.02,89,31,\N,3,2,18,119,425,193,No,No,0.49,658,658,0,2015,3
0.05,0.03,90,38,\N,1,0,58,479,428,53,No,No,0.7,2210,736,0,2015,1
0.05,0.03,90,38,\N,1,0,58,479,428,53,No,No,0.7,3578,715,0,2015,2
0.03,0,91,96,\N,3,5,77,152,125,68,No,No,0.15,6811,973,0,2015,1
0.03,0,91,96,\N,3,5,77,152,125,68,No,No,0.15,1072,1072,0,2015,2
0.05,0.01,92,104,\N,1,3,17,12,128,178,No,No,0.36,3741,748,0,2015,1
0.05,0.01,92,104,\N,1,3,17,12,128,178,No,No,0.36,6840,855,0,2015,2
0.04,0.02,93,42,\N,2,1,36,184,325,193,No,No,0.82,2865,573,0,2015,1
0.04,0.02,93,42,\N,2,1,36,184,325,193,No,No,0.82,1515,505,0,2015,2
0.06,0.03,94,49,\N,1,6,76,45,329,53,No,No,0.03,5656,628,0,2015,1
0.06,0.03,94,49,\N,1,6,76,45,329,53,No,No,0.03,2150,537,0,2015,2
0.04,0,95,107,\N,2,4,95,217,26,68,No,No,0.49,1073,1073,0,2015,1
0.04,0,95,107,\N,2,4,95,217,26,68,No,No,0.49,6177,772,0,2015,2
0.06,0.01,96,114,\N,1,1,35,77,29,178,No,No,0.7,5539,692,0,2015,1
0.06,0.01,96,114,\N,1,1,35,77,29,178,No,No,0.7,2148,1074,0,2015,2
0.04,0.02,97,52,\N,2,7,54,250,226,193,No,No,0.16,2494,831,0,2015,1
0.04,0.02,97,52,\N,2,7,54,250,226,193,No,No,0.16,7100,887,0,2015,2
0.06,0.03,98,60,\N,0,4,94,110,229,53,No,No,0.37,7826,782,0,2015,1
0.06,0.03,98,60,\N,0,4,94,110,229,53,No,No,0.37,3235,808,0,2015,2
0.04,0,99,118,\N,2,2,12,282,426,68,No,Yes,0.82,5299,883,0,2015,1
0.04,0,99,118,\N,2,2,12,282,426,68,No,Yes,0.82,2900,414,0,2015,2
0.06,0.01,100,5,\N,0,7,53,142,429,178,No,No,0.03,5290,755,0,2015,1
0.06,0.01,100,5,\N,0,7,53,142,429,178,No,No,0.03,2539,634,0,2015,2
0.05,0.02,101,63,\N,1,5,71,315,126,193,No,No,0.49,4380,730,0,2015,1
0.05,0.02,101,63,\N,1,5,71,315,126,193,No,No,0.49,8609,956,0,2015,2
0.07,0.03,102,71,\N,0,2,12,175,130,53,No,No,0.7,5676,709,1,2015,1
0.07,0.03,102,71,\N,0,2,12,175,130,53,No,No,0.7,4131,688,1,2015,2
0.05,0,103,9,\N,1,0,30,347,327,68,No,No,0.16,2721,907,0,2015,1
0.05,0,103,9,\N,1,0,30,347,327,68,No,No,0.16,1898,474,0,2015,2
0.07,0.01,104,16,\N,3,5,71,207,330,178,No,No,0.37,1699,849,0,2015,1
0.07,0.01,104,16,\N,3,5,71,207,330,178,No,No,0.37,6760,845,0,2015,2
0.05,0.02,105,74,\N,1,3,89,380,27,193,No,No,0.82,6953,695,1,2015,1
0.05,0.02,105,74,\N,1,3,89,380,27,193,No,No,0.82,4106,684,1,2015,2
0.07,0.03,106,81,\N,3,0,30,240,30,53,No,No,0.03,1695,423,1,2015,1
0.07,0.03,106,81,\N,3,0,30,240,30,53,No,No,0.03,2593,648,1,2015,2
0.05,0,107,19,\N,0,6,48,412,227,68,No,No,0.49,5547,616,0,2015,1
0.05,0,107,19,\N,0,6,48,412,227,68,No,No,0.49,2467,616,0,2015,2
0.07,0.01,108,27,\N,3,3,89,272,231,178,Yes,Yes,0.7,5096,849,0,2015,1
0.07,0.01,108,27,\N,3,3,89,272,231,178,Yes,Yes,0.7,2294,458,0,2015,2
0.06,0.02,109,85,\N,0,1,7,445,428,193,No,No,0.16,5347,594,0,2015,1
0.06,0.02,109,85,\N,0,1,7,445,428,193,No,No,0.16,3930,786,0,2015,2
0,0.03,110,92,\N,3,6,48,305,431,53,No,No,0.37,2474,618,0,2015,1
0,0.03,110,92,\N,3,6,48,305,431,53,No,No,0.37,6166,880,0,2015,2
0.06,0.03,111,30,\N,0,4,66,477,128,68,No,No,0.82,3788,631,0,2015,1
0.06,0.03,111,30,\N,0,4,66,477,128,68,No,No,0.82,7689,961,0,2015,2
0,0.01,112,38,\N,2,2,6,338,131,178,No,No,0.04,1041,1041,0,2015,1
0,0.01,112,38,\N,2,2,6,338,131,178,No,No,0.04,1584,528,0,2015,2
0.06,0.01,113,95,\N,0,7,25,10,328,193,No,No,0.49,2458,614,0,2015,1
0.06,0.01,113,95,\N,0,7,25,10,328,193,No,No,0.49,2716,679,0,2015,2
0,0.03,114,103,\N,2,5,65,370,332,53,No,No,0.7,1230,615,1,2015,1
0,0.03,114,103,\N,2,5,65,370,332,53,No,No,0.7,7083,643,1,2015,2
0.06,0.03,115,41,\N,3,2,84,43,29,68,No,No,0.16,3897,779,1,2015,1
0.06,0.03,115,41,\N,3,2,84,43,29,68,No,No,0.16,2779,694,1,2015,2
0.01,0.01,116,48,\N,2,0,24,403,32,178,No,No,0.37,3439,687,0,2015,1
0.01,0.01,116,48,\N,2,0,24,403,32,178,No,No,0.37,4926,821,0,2015,2
0.07,0.01,117,106,\N,3,5,43,75,229,193,No,No,0.83,2752,550,0,2015,1
0.07,0.01,117,106,\N,3,5,43,75,229,193,No,No,0.83,6628,946,0,2015,2
0.01,0.03,118,114,\N,2,3,83,435,232,53,No,No,0.04,1157,1157,0,2015,1
0.01,0.03,118,114,\N,2,3,83,435,232,53,No,No,0.04,3257,542,0,2015,2
0.07,0.03,119,52,\N,3,0,2,108,429,68,No,No,0.49,931,465,0,2015,1
0.07,0.03,119,52,\N,3,0,2,108,429,68,No,No,0.49,3185,796,0,2015,2
0.01,0.01,120,59,\N,1,6,42,468,433,178,No,No,0.7,7281,1040,0,2015,1
0.01,0.01,120,59,\N,1,6,42,468,433,178,No,No,0.7,8495,943,0,2015,2
0.07,0.01,121,117,\N,3,3,61,140,130,193,No,Yes,0.16,7470,1067,0,2015,1
0.07,0.01,121,117,\N,3,3,61,140,130,193,No,Yes,0.16,4073,814,0,2015,2
0.07,0.01,121,117,\N,3,3,61,140,130,193,No,Yes,0.16,1373,1373,0,2015,3
0.01,0.03,122,5,\N,1,1,1,0,133,53,No,No,0.37,8189,1023,0,2015,1
0.01,0.03,122,5,\N,1,1,1,0,133,53,No,No,0.37,2764,921,0,2015,2
0.07,0.03,123,62,\N,2,7,20,173,330,68,No,No,0.83,6706,745,0,2015,1
0.07,0.03,123,62,\N,2,7,20,173,330,68,No,No,0.83,3970,661,0,2015,2
0.02,0.01,124,70,\N,1,4,60,33,333,178,No,No,0.04,5855,731,0,2015,1
0.02,0.01,124,70,\N,1,4,60,33,333,178,No,No,0.04,2628,876,0,2015,2
0,0.01,125,8,\N,2,2,79,205,30,193,No,No,0.49,2118,706,0,2015,1
0,0.01,125,8,\N,2,2,79,205,30,193,No,No,0.49,6830,683,0,2015,2
0.02,0.03,126,15,\N,0,7,19,66,33,53,No,No,0.71,2697,674,0,2015,1
0.02,0.03,126,15,\N,0,7,19,66,33,53,No,No,0.71,1637,818,0,2015,2
0.02,0.03,126,15,\N,0,7,19,66,33,53,No,No,0.71,1415,1415,0,2015,3
0,0.03,127,73,\N,2,5,37,238,230,68,No,No,0.16,60,60,0,2015,1
0,0.03,127,73,\N,2,5,37,238,230,68,No,No,0.16,1340,268,0,2015,2
0.02,0.01,128,81,\N,0,2,78,98,234,178,No,No,0.37,7678,767,0,2015,1
0.02,0.01,128,81,\N,0,2,78,98,234,178,No,No,0.37,5430,905,0,2015,2
0,0.01,129,19,\N,1,0,96,270,431,193,No,No,0.83,2187,546,0,2015,1
0,0.01,129,19,\N,1,0,96,270,431,193,No,No,0.83,1500,500,0,2015,2
0.02,0.03,130,26,\N,0,5,37,131,434,53,Yes,Yes,0.04,4983,830,0,2015,1
0.02,0.03,130,26,\N,0,5,37,131,434,53,Yes,Yes,0.04,3974,496,0,2015,2
0.02,0.03,130,26,\N,0,5,37,131,434,53,Yes,Yes,0.04,447,447,0,2015,3
0,0.03,131,84,\N,1,3,55,303,131,68,No,No,0.5,5029,1005,0,2015,1
0,0.03,131,84,\N,1,3,55,303,131,68,No,No,0.5,1134,378,0,2015,2
0.03,0.01,132,91,\N,0,0,96,163,134,178,No,No,0.71,2953,590,0,2015,1
0.03,0.01,132,91,\N,0,0,96,163,134,178,No,No,0.71,6771,752,0,2015,2
0.01,0.01,133,29,\N,1,6,14,336,331,193,No,No,0.16,4503,750,0,2015,1
0.01,0.01,133,29,\N,1,6,14,336,331,193,No,No,0.16,4281,713,0,2015,2
0.03,0.03,134,37,\N,3,3,55,196,335,52,No,No,0.37,2626,656,0,2015,1
0.03,0.03,134,37,\N,3,3,55,196,335,52,No,No,0.37,3254,542,0,2015,2
0.03,0.03,134,37,\N,3,3,55,196,335,52,No,No,0.37,876,876,0,2015,3
0.01,0.03,135,95,\N,1,1,73,368,32,67,No,No,0.83,3715,743,0,2015,1
0.01,0.03,135,95,\N,1,1,73,368,32,67,No,No,0.83,3841,768,0,2015,2
0.03,0.01,136,102,\N,3,6,14,228,35,177,No,No,0.04,6192,774,0,2015,1
0.03,0.01,136,102,\N,3,6,14,228,35,177,No,No,0.04,4194,838,0,2015,2
0.01,0.01,137,40,\N,0,4,32,401,232,192,No,No,0.5,3820,764,0,2015,1
0.01,0.01,137,40,\N,0,4,32,401,232,192,No,No,0.5,1928,642,0,2015,2
0.03,0.03,138,48,\N,3,1,73,261,235,52,No,No,0.71,9054,905,0,2015,1
0.03,0.03,138,48,\N,3,1,73,261,235,52,No,No,0.71,1927,963,0,2015,2
0.03,0.03,138,48,\N,3,1,73,261,235,52,No,No,0.71,1291,1291,0,2015,3
0.02,0.03,139,106,\N,0,7,91,433,432,67,No,No,0.16,8731,970,0,2015,1
0.02,0.03,139,106,\N,0,7,91,433,432,67,No,No,0.16,2918,729,0,2015,2
0.04,0.01,140,113,\N,3,5,32,293,436,177,No,No,0.37,6483,810,0,2015,1
0.04,0.01,140,113,\N,3,5,32,293,436,177,No,No,0.37,3903,975,0,2015,2
0.04,0.01,140,113,\N,3,5,32,293,436,177,No,No,0.37,952,952,0,2015,3
0.02,0.01,141,51,\N,0,2,50,466,133,192,No,No,0.83,2403,600,0,2015,1
0.02,0.01,141,51,\N,0,2,50,466,133,192,No,No,0.83,5170,517,0,2015,2
0.04,0.03,142,58,\N,2,0,90,326,136,52,No,No,0.04,7830,652,0,2015,1
0.04,0.03,142,58,\N,2,0,90,326,136,52,No,No,0.04,7811,867,0,2015,2
0.02,0.03,143,116,\N,3,5,9,498,333,67,No,Yes,0.5,3467,866,0,2015,1
0.02,0.03,143,116,\N,3,5,9,498,333,67,No,Yes,0.5,4885,542,0,2015,2
0.04,0.01,144,4,\N,2,3,49,359,336,177,No,No,0.71,1782,594,0,2015,1
0.04,0.01,144,4,\N,2,3,49,359,336,177,No,No,0.71,2456,614,0,2015,2
0.04,0.01,144,4,\N,2,3,49,359,336,177,No,No,0.71,133,133,0,2015,3
0.02,0.01,145,62,\N,3,0,68,31,33,192,No,No,0.17,3374,562,0,2015,1
0.02,0.01,145,62,\N,3,0,68,31,33,192,No,No,0.17,4775,795,0,2015,2
0.04,0.03,146,69,\N,2,6,8,391,37,52,No,No,0.38,4425,632,1,2015,1
0.04,0.03,146,69,\N,2,6,8,391,37,52,No,No,0.38,6814,973,1,2015,2
0.03,0.03,147,7,\N,3,3,27,63,233,67,Yes,No,0.83,2177,544,0,2015,1
0.03,0.03,147,7,\N,3,3,27,63,233,67,Yes,No,0.83,3150,1050,0,2015,2
0.03,0.03,147,7,\N,3,3,27,63,233,67,Yes,No,0.83,1111,1111,0,2015,3
0.05,0.01,148,15,\N,1,1,67,424,237,177,No,No,0.04,3975,795,0,2015,1
0.05,0.01,148,15,\N,1,1,67,424,237,177,No,No,0.04,4156,831,0,2015,2
0.03,0.01,149,72,\N,3,6,86,96,434,192,No,No,0.5,2456,614,0,2015,1
0.03,0.01,149,72,\N,3,6,86,96,434,192,No,No,0.5,2788,929,0,2015,2
0.05,0.03,150,80,\N,1,4,26,456,437,52,No,No,0.71,7249,805,0,2015,1
0.05,0.03,150,80,\N,1,4,26,456,437,52,No,No,0.71,3685,921,0,2015,2
0.05,0.03,150,80,\N,1,4,26,456,437,52,No,No,0.71,342,342,0,2015,3
0.03,0.03,151,18,\N,2,2,45,129,134,67,No,No,0.17,3202,640,0,2015,1
0.03,0.03,151,18,\N,2,2,45,129,134,67,No,No,0.17,4208,1052,0,2015,2
0.05,0.01,152,25,\N,1,7,85,489,137,177,No,Yes,0.38,1143,1143,1,2015,1
0.05,0.01,152,25,\N,1,7,85,489,137,177,No,Yes,0.38,4311,862,1,2015,2
0.03,0.01,153,83,\N,2,5,4,161,334,192,No,No,0.83,1294,647,0,2015,1
0.03,0.01,153,83,\N,2,5,4,161,334,192,No,No,0.83,1431,357,0,2015,2
0.05,0.03,154,91,\N,1,2,44,21,338,52,No,No,0.04,5631,804,0,2015,1
0.05,0.03,154,91,\N,1,2,44,21,338,52,No,No,0.04,4779,477,0,2015,2
0.04,0.03,155,29,\N,2,0,63,194,35,67,No,No,0.5,3766,941,0,2015,1
0.04,0.03,155,29,\N,2,0,63,194,35,67,No,No,0.5,3787,631,0,2015,2
0.06,0.01,156,36,\N,0,5,3,54,38,177,No,No,0.71,5641,705,0,2015,1
0.06,0.01,156,36,\N,0,5,3,54,38,177,No,No,0.71,1071,357,0,2015,2
0.04,0.01,157,94,\N,2,3,21,226,235,192,No,No,0.17,2260,753,0,2015,1
0.04,0.01,157,94,\N,2,3,21,226,235,192,No,No,0.17,4811,801,0,2015,2
0.06,0.03,158,101,\N,0,0,62,86,238,52,No,No,0.38,6842,684,0,2015,1
0.06,0.03,158,101,\N,0,0,62,86,238,52,No,No,0.38,1842,921,0,2015,2
0.06,0.03,158,101,\N,0,0,62,86,238,52,No,No,0.38,1073,1073,0,2015,3
0.04,0.03,159,39,\N,1,6,80,259,435,67,No,No,0.83,4540,756,0,2015,1
0.04,0.03,159,39,\N,1,6,80,259,435,67,No,No,0.83,2253,281,0,2015,2
0.06,0.01,160,47,\N,0,3,21,119,439,177,No,No,0.05,3271,654,0,2015,1
0.06,0.01,160,47,\N,0,3,21,119,439,177,No,No,0.05,4354,1088,0,2015,2
0.04,0.01,161,105,\N,1,1,39,291,136,192,No,No,0.5,3823,955,0,2015,1
0.04,0.01,161,105,\N,1,1,39,291,136,192,No,No,0.5,3105,621,0,2015,2
0.06,0.03,162,112,\N,0,6,80,152,139,52,No,No,0.71,3769,628,0,2015,1
0.06,0.03,162,112,\N,0,6,80,152,139,52,No,No,0.71,2168,542,0,2015,2
0.05,0.03,163,50,\N,1,4,98,324,336,67,No,No,0.17,5749,821,0,2015,1
0.05,0.03,163,50,\N,1,4,98,324,336,67,No,No,0.17,2314,771,0,2015,2
0.07,0.01,164,58,\N,3,1,39,184,339,177,No,No,0.38,660,660,0,2015,1
0.07,0.01,164,58,\N,3,1,39,184,339,177,No,No,0.38,2507,501,0,2015,2
0.05,0.01,165,116,\N,0,7,57,356,36,192,No,Yes,0.84,5699,569,0,2015,1
0.05,0.01,165,116,\N,0,7,57,356,36,192,No,Yes,0.84,1472,490,0,2015,2
0.07,0.03,166,3,\N,3,4,98,217,40,52,No,No,0.05,4488,748,0,2015,1
0.07,0.03,166,3,\N,3,4,98,217,40,52,No,No,0.05,4359,871,0,2015,2
0.05,0.03,167,61,\N,0,2,16,389,237,67,No,No,0.5,3328,832,0,2015,1
0.05,0.03,167,61,\N,0,2,16,389,237,67,No,No,0.5,4155,692,0,2015,2
0.07,0.01,168,68,\N,3,0,57,249,240,177,No,No,0.71,2091,697,0,2015,1
0.07,0.01,168,68,\N,3,0,57,249,240,177,No,No,0.71,2853,951,0,2015,2
0.05,0.01,169,6,\N,0,5,75,422,437,192,No,No,0.17,4611,658,0,2015,1
0.05,0.01,169,6,\N,0,5,75,422,437,192,No,No,0.17,3675,612,0,2015,2
0.07,0.03,170,14,\N,2,3,15,282,440,52,No,No,0.38,3081,1027,0,2015,1
0.07,0.03,170,14,\N,2,3,15,282,440,52,No,No,0.38,2345,469,0,2015,2
0.06,0.03,171,72,\N,0,0,34,454,137,67,No,No,0.84,3056,764,0,2015,1
0.06,0.03,171,72,\N,0,0,34,454,137,67,No,No,0.84,1611,805,0,2015,2
0,0.01,172,79,\N,2,6,74,314,140,177,Yes,No,0.05,5879,653,0,2015,1
0,0.01,172,79,\N,2,6,74,314,140,177,Yes,No,0.05,5664,944,0,2015,2
0.06,0.01,173,17,\N,3,3,93,487,337,192,No,No,0.5,5399,899,0,2015,1
0.06,0.01,173,17,\N,3,3,93,487,337,192,No,No,0.5,4214,842,0,2015,2
0,0.03,174,25,\N,2,1,33,347,341,52,No,Yes,0.72,10731,825,0,2015,1
0,0.03,174,25,\N,2,1,33,347,341,52,No,Yes,0.72,3136,627,0,2015,2
0.06,0.03,175,82,\N,3,6,52,19,38,67,No,No,0.17,4181,836,0,2015,1
0.06,0.03,175,82,\N,3,6,52,19,38,67,No,No,0.17,2747,549,0,2015,2
0,0.01,176,90,\N,2,4,92,379,41,177,No,No,0.38,3116,623,0,2015,1
0,0.01,176,90,\N,2,4,92,379,41,177,No,No,0.38,5768,640,0,2015,2
0.06,0.01,177,28,\N,3,1,11,52,238,192,No,No,0.84,8457,939,0,2015,1
0.06,0.01,177,28,\N,3,1,11,52,238,192,No,No,0.84,5453,1090,0,2015,2
0,0.03,178,35,\N,1,7,51,412,241,52,No,No,0.05,489,489,0,2015,1
0,0.03,178,35,\N,1,7,51,412,241,52,No,No,0.05,5470,781,0,2015,2
0.07,0.03,179,93,\N,3,5,70,84,438,67,No,No,0.51,6869,686,0,2015,1
0.07,0.03,179,93,\N,3,5,70,84,438,67,No,No,0.51,4134,826,0,2015,2
0.07,0.03,179,93,\N,3,5,70,84,438,67,No,No,0.51,1405,1405,0,2015,3
0.01,0.01,180,101,\N,1,2,10,445,442,177,No,No,0.72,4025,503,0,2015,1
0.01,0.01,180,101,\N,1,2,10,445,442,177,No,No,0.72,3393,678,0,2015,2
0.07,0.01,181,39,\N,2,0,29,117,139,192,No,No,0.17,1216,405,0,2015,1
0.07,0.01,181,39,\N,2,0,29,117,139,192,No,No,0.17,1606,535,0,2015,2
0.01,0.03,182,46,\N,1,5,69,477,142,52,No,No,0.38,1058,1058,0,2015,1
0.01,0.03,182,46,\N,1,5,69,477,142,52,No,No,0.38,4339,619,0,2015,2
0.07,0.03,183,104,\N,2,3,88,149,339,67,No,No,0.84,1321,440,0,2015,1
0.07,0.03,183,104,\N,2,3,88,149,339,67,No,No,0.84,3351,1117,0,2015,2
0.01,0.01,184,111,\N,0,0,28,10,342,177,No,No,0.05,4855,693,0,2015,1
0.01,0.01,184,111,\N,0,0,28,10,342,177,No,No,0.05,2679,893,0,2015,2
0.07,0.01,185,49,\N,2,6,46,182,39,192,No,No,0.51,2799,699,0,2015,1
0.07,0.01,185,49,\N,2,6,46,182,39,192,No,No,0.51,3240,810,0,2015,2
0.01,0.03,186,57,\N,0,3,87,42,43,52,No,No,0.72,4175,463,0,2015,1
0.01,0.03,186,57,\N,0,3,87,42,43,52,No,No,0.72,4365,873,0,2015,2
0.01,0.03,186,57,\N,0,3,87,42,43,52,No,No,0.72,769,769,0,2015,3
0,0.03,187,115,\N,1,1,5,215,240,67,No,Yes,0.17,3496,699,1,2015,1
0,0.03,187,115,\N,1,1,5,215,240,67,No,Yes,0.17,1227,1227,1,2015,2
0.02,0.01,188,2,\N,0,6,46,75,243,177,No,No,0.38,7175,717,0,2015,1
0.02,0.01,188,2,\N,0,6,46,75,243,177,No,No,0.38,4735,947,0,2015,2
0,0.01,189,60,\N,1,4,64,247,440,192,No,No,0.84,3966,661,0,2015,1
0,0.01,189,60,\N,1,4,64,247,440,192,No,No,0.84,3484,696,0,2015,2
0.02,0.03,190,68,\N,0,1,5,107,443,52,No,No,0.05,4331,541,0,2015,1
0.02,0.03,190,68,\N,0,1,5,107,443,52,No,No,0.05,4429,885,0,2015,2
0,0.03,191,6,\N,1,7,23,280,140,67,No,No,0.51,5980,747,0,2015,1
0,0.03,191,6,\N,1,7,23,280,140,67,No,No,0.51,2372,593,0,2015,2
0,0.03,191,6,\N,1,7,23,280,140,67,No,No,0.51,824,824,0,2015,3
0.02,0.01,192,13,\N,3,4,64,140,144,177,No,No,0.72,5233,654,0,2015,1
0.02,0.01,192,13,\N,3,4,64,140,144,177,No,No,0.72,3743,623,0,2015,2
0,0.01,193,71,\N,1,2,82,312,340,192,No,No,0.18,2474,412,0,2015,1
0,0.01,193,71,\N,1,2,82,312,340,192,No,No,0.18,3102,775,0,2015,2
0.02,0.03,194,78,\N,3,7,23,172,344,52,No,Yes,0.39,10090,840,0,2015,1
0.02,0.03,194,78,\N,3,7,23,172,344,52,No,Yes,0.39,1955,488,0,2015,2
0.01,0.03,195,16,\N,0,5,41,345,41,67,No,No,0.84,2740,685,0,2015,1
0.01,0.03,195,16,\N,0,5,41,345,41,67,No,No,0.84,7664,766,0,2015,2
0.03,0,196,24,\N,3,3,82,205,44,177,No,No,0.05,5021,836,0,2015,1
0.03,0,196,24,\N,3,3,82,205,44,177,No,No,0.05,4690,781,0,2015,2
0.03,0,196,24,\N,3,3,82,205,44,177,No,No,0.05,1336,668,0,2015,3
0.01,0.01,197,82,\N,0,0,0,377,241,192,No,No,0.51,1736,578,0,2015,1
0.01,0.01,197,82,\N,0,0,0,377,241,192,No,No,0.51,1584,528,0,2015,2
0.03,0.02,198,89,\N,3,6,40,238,244,52,No,No,0.72,8961,896,0,2015,1
0.03,0.02,198,89,\N,3,6,40,238,244,52,No,No,0.72,5141,856,0,2015,2
0.01,0.03,199,27,\N,0,3,59,410,441,67,No,No,0.18,4420,736,0,2015,1
0.01,0.03,199,27,\N,0,3,59,410,441,67,No,No,0.18,2247,1123,0,2015,2
0.03,0,200,35,\N,2,1,99,270,445,177,No,No,0.39,3079,513,0,2015,1
0.03,0,200,35,\N,2,1,99,270,445,177,No,No,0.39,4292,613,0,2015,2
0.03,0,200,35,\N,2,1,99,270,445,177,No,No,0.39,1392,1392,0,2015,3
0.01,0.01,201,92,\N,0,6,18,442,142,192,No,No,0.84,3633,519,0,2015,1
0.01,0.01,201,92,\N,0,6,18,442,142,192,No,No,0.84,4160,693,0,2015,2
0.03,0.02,202,100,\N,2,4,58,303,145,52,No,No,0.05,5205,743,0,2015,1
0.03,0.02,202,100,\N,2,4,58,303,145,52,No,No,0.05,4350,725,0,2015,2
0.02,0.03,203,38,\N,3,1,77,475,342,67,No,No,0.51,1802,450,0,2015,1
0.02,0.03,203,38,\N,3,1,77,475,342,67,No,No,0.51,3345,1115,0,2015,2
0.04,0,204,45,\N,2,7,17,335,345,177,No,No,0.72,1673,557,0,2015,1
0.04,0,204,45,\N,2,7,17,335,345,177,No,No,0.72,5662,943,0,2015,2
0.04,0,204,45,\N,2,7,17,335,345,177,No,No,0.72,1368,1368,0,2015,3
0.02,0.01,205,103,\N,3,4,36,8,42,192,No,No,0.18,4406,629,0,2015,1
0.02,0.01,205,103,\N,3,4,36,8,42,192,No,No,0.18,4064,677,0,2015,2
0.04,0.02,206,111,\N,1,2,76,368,46,52,No,No,0.39,4697,671,0,2015,1
0.04,0.02,206,111,\N,1,2,76,368,46,52,No,No,0.39,2074,691,0,2015,2
0.02,0.03,207,49,\N,3,0,95,40,243,67,No,No,0.84,4576,762,0,2015,1
0.02,0.03,207,49,\N,3,0,95,40,243,67,No,No,0.84,2521,630,0,2015,2
0.04,0,208,56,\N,1,5,35,400,246,177,No,No,0.06,3059,1019,0,2015,1
0.04,0,208,56,\N,1,5,35,400,246,177,No,No,0.06,3509,701,0,2015,2
0.04,0,208,56,\N,1,5,35,400,246,177,No,No,0.06,96,96,0,2015,3
0.02,0.01,209,114,\N,2,3,54,73,443,192,No,Yes,0.51,2797,699,0,2015,1
0.02,0.01,209,114,\N,2,3,54,73,443,192,No,Yes,0.51,2965,593,0,2015,2
0.05,0.02,210,1,\N,1,0,94,433,446,52,No,No,0.72,4414,735,0,2015,1
0.05,0.02,210,1,\N,1,0,94,433,446,52,No,No,0.72,3666,611,0,2015,2
0.03,0.03,211,59,\N,2,6,13,105,143,67,Yes,No,0.18,7655,765,0,2015,1
0.03,0.03,211,59,\N,2,6,13,105,143,67,Yes,No,0.18,2189,547,0,2015,2
0.05,0,212,67,\N,1,3,53,465,147,177,No,No,0.39,1335,667,0,2015,1
0.05,0,212,67,\N,1,3,53,465,147,177,No,No,0.39,1558,519,0,2015,2
0.03,0.01,213,5,\N,2,1,72,138,344,192,No,No,0.85,3466,577,0,2015,1
0.03,0.01,213,5,\N,2,1,72,138,344,192,No,No,0.85,7932,991,0,2015,2
0.05,0.02,214,12,\N,0,6,12,498,347,52,No,No,0.06,7362,920,0,2015,1
0.05,0.02,214,12,\N,0,6,12,498,347,52,No,No,0.06,7585,842,0,2015,2
0.03,0.03,215,70,\N,2,4,30,170,44,67,No,No,0.51,5643,806,0,2015,1
0.03,0.03,215,70,\N,2,4,30,170,44,67,No,No,0.51,1698,339,0,2015,2
0.05,0,216,78,\N,0,1,71,31,47,177,No,Yes,0.72,4699,783,0,2015,1
0.05,0,216,78,\N,0,1,71,31,47,177,No,Yes,0.72,1547,515,0,2015,2
0.03,0.01,217,16,\N,1,7,89,203,244,192,No,No,0.18,1903,475,0,2015,1
0.03,0.01,217,16,\N,1,7,89,203,244,192,No,No,0.18,1165,388,0,2015,2
0.06,0.02,218,23,\N,0,4,30,63,248,52,No,No,0.39,5429,678,0,2015,1
0.06,0.02,218,23,\N,0,4,30,63,248,52,No,No,0.39,3771,754,0,2015,2
0.04,0.03,219,81,\N,1,2,48,235,444,67,No,No,0.85,3041,608,0,2015,1
0.04,0.03,219,81,\N,1,2,48,235,444,67,No,No,0.85,5603,800,0,2015,2
0.06,0,220,88,\N,0,7,89,96,448,177,No,No,0.06,6292,786,0,2015,1
0.06,0,220,88,\N,0,7,89,96,448,177,No,No,0.06,3510,877,0,2015,2
0.04,0.01,221,26,\N,1,5,7,268,145,192,No,No,0.51,1407,1407,0,2015,1
0.04,0.01,221,26,\N,1,5,7,268,145,192,No,No,0.51,1175,293,0,2015,2
0.06,0.02,222,34,\N,3,2,48,128,148,52,No,No,0.73,4352,621,0,2015,1
0.06,0.02,222,34,\N,3,2,48,128,148,52,No,No,0.73,4957,826,0,2015,2
0.04,0.03,223,92,\N,1,0,66,301,345,67,No,No,0.18,1444,288,0,2015,1
0.04,0.03,223,92,\N,1,0,66,301,345,67,No,No,0.18,3602,450,0,2015,2
0.06,0,224,99,\N,3,6,7,161,348,177,No,No,0.39,2593,648,1,2015,1
0.06,0,224,99,\N,3,6,7,161,348,177,No,No,0.39,4064,812,1,2015,2
0.04,0.01,225,37,\N,0,3,25,333,45,192,No,No,0.85,1560,520,1,2015,1
0.04,0.01,225,37,\N,0,3,25,333,45,192,No,No,0.85,1358,1358,1,2015,2
0.07,0.02,226,45,\N,3,1,66,193,49,52,No,No,0.06,2182,545,0,2015,1
0.07,0.02,226,45,\N,3,1,66,193,49,52,No,No,0.06,3544,1181,0,2015,2
0.05,0.03,227,102,\N,0,6,84,366,246,67,No,No,0.52,3736,747,0,2015,1
0.05,0.03,227,102,\N,0,6,84,366,246,67,No,No,0.52,1552,776,0,2015,2
0.07,0,228,110,\N,2,4,24,226,249,177,No,No,0.73,4059,676,0,2015,1
0.07,0,228,110,\N,2,4,24,226,249,177,No,No,0.73,4454,742,0,2015,2
0.05,0.01,229,48,\N,0,1,43,398,446,191,No,No,0.18,2860,953,0,2015,1
0.05,0.01,229,48,\N,0,1,43,398,446,191,No,No,0.18,2372,593,0,2015,2
0.07,0.02,230,55,\N,2,7,83,258,449,51,No,No,0.39,4162,832,0,2015,1
0.07,0.02,230,55,\N,2,7,83,258,449,51,No,No,0.39,1041,520,0,2015,2
0.05,0.03,231,113,\N,3,4,2,431,146,66,No,Yes,0.85,193,96,0,2015,1
0.05,0.03,231,113,\N,3,4,2,431,146,66,No,Yes,0.85,4873,812,0,2015,2
0.07,0,232,1,\N,2,2,42,291,150,176,No,No,0.06,1681,560,0,2015,1
0.07,0,232,1,\N,2,2,42,291,150,176,No,No,0.06,3297,471,0,2015,2
0.07,0,232,1,\N,2,2,42,291,150,176,No,No,0.06,154,154,0,2015,3
0.06,0.01,233,59,\N,3,7,61,463,347,191,No,No,0.52,2421,807,0,2015,1
0.06,0.01,233,59,\N,3,7,61,463,347,191,No,No,0.52,233,233,0,2015,2
0,0.02,234,66,\N,2,5,1,324,350,51,No,No,0.73,8813,881,0,2015,1
0,0.02,234,66,\N,2,5,1,324,350,51,No,No,0.73,5745,718,0,2015,2
0,0.02,234,66,\N,2,5,1,324,350,51,No,No,0.73,398,398,0,2015,3
0.06,0.03,235,4,\N,3,2,20,496,47,66,No,No,0.18,5085,1017,0,2015,1
0.06,0.03,235,4,\N,3,2,20,496,47,66,No,No,0.18,4648,1162,0,2015,2
0,0,236,12,\N,1,0,60,356,50,176,Yes,No,0.4,6527,815,0,2015,1
0,0,236,12,\N,1,0,60,356,50,176,Yes,No,0.4,1402,1402,0,2015,2
0.06,0.01,237,69,\N,3,6,79,28,247,191,No,No,0.85,5044,840,0,2015,1
0.06,0.01,237,69,\N,3,6,79,28,247,191,No,No,0.85,6957,695,0,2015,2
0,0.02,238,77,\N,1,3,19,389,251,51,No,Yes,0.06,1276,638,0,2015,1
0,0.02,238,77,\N,1,3,19,389,251,51,No,Yes,0.06,3128,625,0,2015,2
0.06,0.03,239,15,\N,2,1,38,61,448,66,No,No,0.52,4993,624,0,2015,1
0.06,0.03,239,15,\N,2,1,38,61,448,66,No,No,0.52,2147,536,0,2015,2
0,0,240,22,\N,1,6,78,421,451,176,No,No,0.73,3549,709,0,2015,1
0,0,240,22,\N,1,6,78,421,451,176,No,No,0.73,2411,803,0,2015,2
0.07,0.01,241,80,\N,2,4,97,94,148,191,No,No,0.19,3594,898,0,2015,1
0.07,0.01,241,80,\N,2,4,97,94,148,191,No,No,0.19,901,450,0,2015,2
0.01,0.02,242,88,\N,1,1,37,454,151,51,No,No,0.4,5202,1040,0,2015,1
0.01,0.02,242,88,\N,1,1,37,454,151,51,No,No,0.4,488,488,0,2015,2
0.07,0.03,243,26,\N,2,7,55,126,348,66,No,No,0.85,2786,928,0,2015,1
0.07,0.03,243,26,\N,2,7,55,126,348,66,No,No,0.85,3075,615,0,2015,2
0.07,0.03,243,26,\N,2,7,55,126,348,66,No,No,0.85,199,199,0,2015,3
0.01,0,244,33,\N,0,4,96,486,351,176,No,No,0.06,5085,726,0,2015,1
0.01,0,244,33,\N,0,4,96,486,351,176,No,No,0.06,5006,834,0,2015,2
0.07,0.01,245,91,\N,1,2,14,159,48,191,No,No,0.52,6711,838,0,2015,1
0.07,0.01,245,91,\N,1,2,14,159,48,191,No,No,0.52,3019,1006,0,2015,2
0.01,0.02,246,98,\N,0,7,55,19,52,51,No,No,0.73,5163,737,0,2015,1
0.01,0.02,246,98,\N,0,7,55,19,52,51,No,No,0.73,3875,968,0,2015,2
0.07,0.03,247,36,\N,1,5,73,191,249,66,No,No,0.19,3415,853,0,2015,1
0.07,0.03,247,36,\N,1,5,73,191,249,66,No,No,0.19,4768,681,0,2015,2
0.01,0,248,44,\N,0,2,14,51,252,176,No,No,0.4,3767,627,0,2015,1
0.01,0,248,44,\N,0,2,14,51,252,176,No,No,0.4,3438,491,0,2015,2
0.01,0,248,44,\N,0,2,14,51,252,176,No,No,0.4,981,981,0,2015,3
0,0.01,249,102,\N,1,0,32,224,449,191,No,No,0.85,4964,709,0,2015,1
0,0.01,249,102,\N,1,0,32,224,449,191,No,No,0.85,3283,820,0,2015,2
0.02,0.02,250,109,\N,3,5,73,84,452,51,No,No,0.06,1532,510,0,2015,1
0.02,0.02,250,109,\N,3,5,73,84,452,51,No,No,0.06,1795,598,0,2015,2
0,0.03,251,47,\N,1,3,91,256,149,66,No,No,0.52,5940,742,0,2015,1
0,0.03,251,47,\N,1,3,91,256,149,66,No,No,0.52,1694,564,0,2015,2
0,0.03,251,47,\N,1,3,91,256,149,66,No,No,0.52,24,24,0,2015,3
0.02,0,252,55,\N,3,0,32,117,153,176,No,No,0.73,6912,531,0,2015,1
0.02,0,252,55,\N,3,0,32,117,153,176,No,No,0.73,5196,866,0,2015,2
0.02,0,252,55,\N,3,0,32,117,153,176,No,No,0.73,303,303,0,2015,3
0,0,253,113,\N,0,6,50,289,350,191,No,Yes,0.19,5867,733,0,2015,1
0,0,253,113,\N,0,6,50,289,350,191,No,Yes,0.19,2874,958,0,2015,2
0.02,0.02,254,0,\N,3,4,91,149,353,51,No,No,0.4,2394,598,0,2015,1
0.02,0.02,254,0,\N,3,4,91,149,353,51,No,No,0.4,6558,819,0,2015,2
0,0.02,255,58,\N,0,1,9,321,50,66,No,No,0.86,3592,598,1,2015,1
0,0.02,255,58,\N,0,1,9,321,50,66,No,No,0.86,2405,801,1,2015,2
0.02,0,256,65,\N,3,7,49,182,53,176,No,No,0.07,1848,924,0,2015,1
0.02,0,256,65,\N,3,7,49,182,53,176,No,No,0.07,4358,726,0,2015,2
0.01,0,257,3,\N,0,4,68,354,250,191,No,No,0.52,6687,1114,0,2015,1
0.01,0,257,3,\N,0,4,68,354,250,191,No,No,0.52,3886,647,0,2015,2
0.03,0.02,258,11,\N,2,2,8,214,254,51,No,No,0.73,3408,486,0,2015,1
0.03,0.02,258,11,\N,2,2,8,214,254,51,No,No,0.73,5778,963,0,2015,2
0.03,0.02,258,11,\N,2,2,8,214,254,51,No,No,0.73,1053,1053,0,2015,3
0.01,0.02,259,69,\N,0,7,27,387,451,66,No,No,0.19,3414,569,0,2015,1
0.01,0.02,259,69,\N,0,7,27,387,451,66,No,No,0.19,4973,710,0,2015,2
0.01,0.02,259,69,\N,0,7,27,387,451,66,No,No,0.19,377,377,0,2015,3
0.03,0,260,76,\N,2,5,67,247,454,176,No,Yes,0.4,4750,791,0,2015,1
0.03,0,260,76,\N,2,5,67,247,454,176,No,Yes,0.4,5030,838,0,2015,2
0.01,0,261,14,\N,3,2,86,419,151,191,No,No,0.86,5623,702,0,2015,1
0.01,0,261,14,\N,3,2,86,419,151,191,No,No,0.86,2319,579,0,2015,2
0.01,0,261,14,\N,3,2,86,419,151,191,No,No,0.86,323,323,0,2015,3
0.03,0.02,262,22,\N,2,0,26,279,154,51,No,No,0.07,2250,450,0,2015,1
0.03,0.02,262,22,\N,2,0,26,279,154,51,No,No,0.07,1581,527,0,2015,2
0.01,0.02,263,79,\N,3,5,45,452,351,66,No,No,0.52,3503,875,0,2015,1
0.01,0.02,263,79,\N,3,5,45,452,351,66,No,No,0.52,4594,656,0,2015,2
0.03,0,264,87,\N,2,3,85,312,355,176,No,No,0.73,3063,612,0,2015,1
0.03,0,264,87,\N,2,3,85,312,355,176,No,No,0.73,1191,595,0,2015,2
0.02,0,265,25,\N,3,1,4,484,51,191,No,No,0.19,1106,553,0,2015,1
0.02,0,265,25,\N,3,1,4,484,51,191,No,No,0.19,3965,660,0,2015,2
0.04,0.02,266,32,\N,1,6,44,344,55,51,No,No,0.4,6073,759,0,2015,1
0.04,0.02,266,32,\N,1,6,44,344,55,51,No,No,0.4,4347,621,0,2015,2
0.02,0.02,267,90,\N,2,4,63,17,252,66,No,No,0.86,6739,673,0,2015,1
0.02,0.02,267,90,\N,2,4,63,17,252,66,No,No,0.86,2283,761,0,2015,2
0.04,0,268,98,\N,1,1,3,377,255,176,No,No,0.07,6732,673,0,2015,1
0.04,0,268,98,\N,1,1,3,377,255,176,No,No,0.07,4811,801,0,2015,2
0.04,0,268,98,\N,1,1,3,377,255,176,No,No,0.07,989,989,0,2015,3
0.02,0,269,36,\N,2,7,22,49,452,191,No,No,0.52,3764,941,0,2015,1
0.02,0,269,36,\N,2,7,22,49,452,191,No,No,0.52,1276,425,0,2015,2
0.04,0.02,270,43,\N,1,4,62,410,455,51,No,No,0.74,6713,959,0,2015,1
0.04,0.02,270,43,\N,1,4,62,410,455,51,No,No,0.74,2580,860,0,2015,2
0.02,0.02,271,101,\N,2,2,80,82,152,66,No,No,0.19,1433,716,0,2015,1
0.02,0.02,271,101,\N,2,2,80,82,152,66,No,No,0.19,907,302,0,2015,2
0.04,0,272,108,\N,0,7,21,442,156,176,No,No,0.4,2641,660,0,2015,1
0.04,0,272,108,\N,0,7,21,442,156,176,No,No,0.4,2040,1020,0,2015,2
0.03,0,273,46,\N,2,5,39,114,353,191,No,No,0.86,6171,771,1,2015,1
0.03,0,273,46,\N,2,5,39,114,353,191,No,No,0.86,3129,1043,1,2015,2
0.03,0,273,46,\N,2,5,39,114,353,191,No,No,0.86,387,387,1,2015,3
0.05,0.02,274,54,\N,0,2,80,475,356,51,No,No,0.07,2792,698,0,2015,1
0.05,0.02,274,54,\N,0,2,80,475,356,51,No,No,0.07,5328,888,0,2015,2
0.03,0.02,275,112,\N,1,0,98,147,53,66,Yes,Yes,0.53,5283,880,0,2015,1
0.03,0.02,275,112,\N,1,0,98,147,53,66,Yes,Yes,0.53,5778,577,0,2015,2
0.05,0,276,119,\N,0,5,39,7,56,176,No,No,0.74,2647,529,0,2015,1
0.05,0,276,119,\N,0,5,39,7,56,176,No,No,0.74,2909,727,0,2015,2
0.03,0,277,57,\N,1,3,57,180,253,191,No,No,0.19,4536,756,0,2015,1
0.03,0,277,57,\N,1,3,57,180,253,191,No,No,0.19,2471,823,0,2015,2
0.05,0.02,278,65,\N,0,0,98,40,257,51,No,No,0.4,4783,956,0,2015,1
0.05,0.02,278,65,\N,0,0,98,40,257,51,No,No,0.4,4560,651,0,2015,2
0.03,0.02,279,3,\N,1,6,16,212,454,66,No,No,0.86,2739,684,0,2015,1
0.03,0.02,279,3,\N,1,6,16,212,454,66,No,No,0.86,2869,717,0,2015,2
0.03,0.02,279,3,\N,1,6,16,212,454,66,No,No,0.86,1240,1240,0,2015,3
0.05,0,280,10,\N,3,3,57,72,457,176,No,No,0.07,4755,951,0,2015,1
0.05,0,280,10,\N,3,3,57,72,457,176,No,No,0.07,2454,490,0,2015,2
0.04,0,281,68,\N,1,1,75,245,154,191,No,No,0.53,490,245,0,2015,1
0.04,0,281,68,\N,1,1,75,245,154,191,No,No,0.53,3311,551,0,2015,2
0.06,0.02,282,75,\N,3,7,16,105,157,51,No,Yes,0.74,1092,546,0,2015,1
0.06,0.02,282,75,\N,3,7,16,105,157,51,No,Yes,0.74,1857,619,0,2015,2
0.04,0.02,283,13,\N,0,4,34,277,354,66,No,No,0.19,5631,625,0,2015,1
0.04,0.02,283,13,\N,0,4,34,277,354,66,No,No,0.19,4610,658,0,2015,2
0.06,0,284,21,\N,3,2,75,137,358,176,No,No,0.41,4675,779,0,2015,1
0.06,0,284,21,\N,3,2,75,137,358,176,No,No,0.41,4128,825,0,2015,2
0.04,0,285,79,\N,0,7,93,310,55,191,No,No,0.86,5599,699,0,2015,1
0.04,0,285,79,\N,0,7,93,310,55,191,No,No,0.86,5158,859,0,2015,2
0.06,0.02,286,86,\N,2,5,33,170,58,51,No,No,0.07,4259,1064,0,2015,1
0.06,0.02,286,86,\N,2,5,33,170,58,51,No,No,0.07,1678,559,0,2015,2
0.04,0.02,287,24,\N,0,2,52,342,255,66,No,No,0.53,5822,831,0,2015,1
0.04,0.02,287,24,\N,0,2,52,342,255,66,No,No,0.53,2958,739,0,2015,2
0.06,0,288,32,\N,2,0,92,203,258,176,No,No,0.74,5941,660,1,2015,1
0.06,0,288,32,\N,2,0,92,203,258,176,No,No,0.74,2981,993,1,2015,2
0.05,0,289,89,\N,3,5,11,375,455,191,No,No,0.2,5695,1139,1,2015,1
0.05,0,289,89,\N,3,5,11,375,455,191,No,No,0.2,2449,816,1,2015,2
0.07,0.02,290,97,\N,2,3,51,235,458,51,No,No,0.41,2821,705,0,2015,2
0.05,0.02,291,35,\N,3,0,70,408,155,66,No,No,0.86,3626,725,0,2015,1
0.05,0.02,291,35,\N,3,0,70,408,155,66,No,No,0.86,3878,646,0,2015,2
0.07,0,292,42,\N,2,6,10,268,159,176,No,No,0.07,4330,541,0,2015,1
0.07,0,292,42,\N,2,6,10,268,159,176,No,No,0.07,2949,737,0,2015,2
0.05,0,293,100,\N,3,4,29,440,356,191,No,No,0.53,3889,777,1,2015,1
0.05,0,293,100,\N,3,4,29,440,356,191,No,No,0.53,7999,727,1,2015,2
0.07,0.02,294,108,\N,1,1,69,300,359,51,No,No,0.74,6907,627,0,2015,1
0.07,0.02,294,108,\N,1,1,69,300,359,51,No,No,0.74,1933,483,0,2015,2
0.05,0.02,295,46,\N,3,7,88,473,56,66,No,No,0.2,1111,370,0,2015,1
0.05,0.02,295,46,\N,3,7,88,473,56,66,No,No,0.2,2361,393,0,2015,2
0.07,0,296,53,\N,1,4,28,333,59,176,No,No,0.41,4080,816,0,2015,1
0.07,0,296,53,\N,1,4,28,333,59,176,No,No,0.41,1735,578,0,2015,2
0.06,0,297,111,\N,2,2,47,5,256,191,No,Yes,0.86,9334,848,0,2015,1
0.06,0,297,111,\N,2,2,47,5,256,191,No,Yes,0.86,5523,920,0,2015,2
0.06,0,297,111,\N,2,2,47,5,256,191,No,Yes,0.86,1343,1343,0,2015,3
0,0.02,298,118,\N,1,7,87,365,260,51,No,No,0.07,1919,479,0,2015,1
0,0.02,298,118,\N,1,7,87,365,260,51,No,No,0.07,4161,693,0,2015,2
0.06,0.02,299,56,\N,2,5,6,38,457,66,No,No,0.53,4802,800,0,2015,1
0.06,0.02,299,56,\N,2,5,6,38,457,66,No,No,0.53,5012,626,0,2015,2
0,0,300,64,\N,1,2,46,398,460,176,Yes,No,0.74,1771,442,1,2015,1
0,0,300,64,\N,1,2,46,398,460,176,Yes,No,0.74,1747,436,1,2015,2
0.06,0,301,2,\N,2,0,64,70,157,191,No,No,0.2,2536,634,0,2015,1
0.06,0,301,2,\N,2,0,64,70,157,191,No,No,0.2,3143,785,0,2015,2
0,0.02,302,9,\N,0,5,5,430,160,51,No,No,0.41,3406,851,1,2015,1
0,0.02,302,9,\N,0,5,5,430,160,51,No,No,0.41,2361,590,1,2015,2
0.06,0.02,303,67,\N,2,3,23,103,357,66,No,No,0.87,4937,617,0,2015,1
0.06,0.02,303,67,\N,2,3,23,103,357,66,No,No,0.87,7104,888,0,2015,2
0,0,304,75,\N,0,0,64,463,361,176,No,Yes,0.08,3992,798,0,2015,1
0,0,304,75,\N,0,0,64,463,361,176,No,Yes,0.08,5851,1170,0,2015,2
0,0,304,75,\N,0,0,64,463,361,176,No,Yes,0.08,741,370,0,2015,3
0.07,0,305,13,\N,1,6,82,135,58,191,No,No,0.53,4223,844,0,2015,1
0.07,0,305,13,\N,1,6,82,135,58,191,No,No,0.53,4744,948,0,2015,2
0.01,0.02,306,20,\N,0,3,23,496,61,51,No,No,0.74,8298,1037,0,2015,1
0.01,0.02,306,20,\N,0,3,23,496,61,51,No,No,0.74,3977,994,0,2015,2
0.07,0.02,307,78,\N,1,1,41,168,258,66,No,No,0.2,3790,631,0,2015,1
0.07,0.02,307,78,\N,1,1,41,168,258,66,No,No,0.2,9472,676,0,2015,2
0.01,0,308,85,\N,3,6,82,28,261,176,No,No,0.41,3441,860,0,2015,1
0.01,0,308,85,\N,3,6,82,28,261,176,No,No,0.41,3514,702,0,2015,2
0.07,0,309,23,\N,1,4,0,201,458,191,No,No,0.87,4869,541,0,2015,1
0.07,0,309,23,\N,1,4,0,201,458,191,No,No,0.87,1497,299,0,2015,2
0.01,0.02,310,31,\N,3,2,41,61,462,51,No,No,0.08,4541,756,1,2015,1
0.01,0.02,310,31,\N,3,2,41,61,462,51,No,No,0.08,927,927,1,2015,2
0.07,0.02,311,89,\N,0,7,59,233,158,66,No,No,0.53,2140,428,0,2015,1
0.07,0.02,311,89,\N,0,7,59,233,158,66,No,No,0.53,4588,917,0,2015,2
0.02,0,312,96,\N,3,5,0,93,162,176,No,No,0.74,4404,880,0,2015,1
0.02,0,312,96,\N,3,5,0,93,162,176,No,No,0.74,1231,615,0,2015,2
0,0,313,34,\N,0,2,18,266,359,191,No,No,0.2,5990,665,0,2015,1
0,0,313,34,\N,0,2,18,266,359,191,No,No,0.2,2835,567,0,2015,2
0.02,0.02,314,42,\N,3,0,58,126,362,51,No,No,0.41,3965,793,0,2015,1
0.02,0.02,314,42,\N,3,0,58,126,362,51,No,No,0.41,8185,909,0,2015,2
0.02,0.02,314,42,\N,3,0,58,126,362,51,No,No,0.41,1308,1308,0,2015,3
0,0.02,315,99,\N,0,5,77,298,59,66,No,No,0.87,1017,1017,0,2015,1
0,0.02,315,99,\N,0,5,77,298,59,66,No,No,0.87,5048,1009,0,2015,2
0.02,0,316,107,\N,2,3,17,158,62,176,No,No,0.08,3653,730,0,2015,1
0.02,0,316,107,\N,2,3,17,158,62,176,No,No,0.08,3615,516,0,2015,2
0,0,317,45,\N,0,0,36,331,259,191,No,No,0.53,3556,889,0,2015,1
0,0,317,45,\N,0,0,36,331,259,191,No,No,0.53,4041,808,0,2015,2
0.02,0.02,318,52,\N,2,6,76,191,263,51,No,No,0.75,6669,833,0,2015,1
0.02,0.02,318,52,\N,2,6,76,191,263,51,No,No,0.75,4397,732,0,2015,2
0,0.02,319,110,\N,3,3,95,363,460,66,No,Yes,0.2,5202,867,0,2015,1
0,0.02,319,110,\N,3,3,95,363,460,66,No,Yes,0.2,3551,710,0,2015,2
0.03,0,320,118,\N,2,1,35,223,463,176,No,No,0.41,1543,308,1,2015,1
0.03,0,320,118,\N,2,1,35,223,463,176,No,No,0.41,3138,784,1,2015,2
0.01,0,321,56,\N,3,7,54,396,160,191,No,No,0.87,3562,890,0,2015,1
0.01,0,321,56,\N,3,7,54,396,160,191,No,No,0.87,3824,764,0,2015,2
0.03,0.02,322,63,\N,2,4,94,256,163,51,No,No,0.08,2419,604,0,2015,1
0.03,0.02,322,63,\N,2,4,94,256,163,51,No,No,0.08,4413,735,0,2015,2
0.01,0.02,323,1,\N,3,2,13,428,360,66,No,No,0.54,2227,371,0,2015,1
0.01,0.02,323,1,\N,3,2,13,428,360,66,No,No,0.54,2685,895,0,2015,2
0.03,0,324,8,\N,1,7,53,289,364,175,No,No,0.75,2245,748,0,2015,1
0.03,0,324,8,\N,1,7,53,289,364,175,No,No,0.75,4648,929,0,2015,2
0.01,0,325,66,\N,3,5,72,461,61,190,No,No,0.2,6636,829,0,2015,1
0.01,0,325,66,\N,3,5,72,461,61,190,No,No,0.2,5062,723,0,2015,2
0.03,0.02,326,74,\N,1,2,12,321,64,50,No,Yes,0.41,3064,612,0,2015,1
0.03,0.02,326,74,\N,1,2,12,321,64,50,No,Yes,0.41,3785,757,0,2015,2
0.02,0.02,327,12,\N,2,0,31,494,261,65,No,No,0.87,7613,1087,0,2015,1
0.02,0.02,327,12,\N,2,0,31,494,261,65,No,No,0.87,2327,775,0,2015,2
0.02,0.02,327,12,\N,2,0,31,494,261,65,No,No,0.87,455,455,0,2015,3
0.04,0,328,19,\N,1,5,71,354,264,175,No,No,0.08,2418,604,0,2015,1
0.04,0,328,19,\N,1,5,71,354,264,175,No,No,0.08,4898,979,0,2015,2
0.02,0,329,77,\N,2,3,89,26,461,190,No,No,0.54,2628,876,0,2015,1
0.02,0,329,77,\N,2,3,89,26,461,190,No,No,0.54,6837,759,0,2015,2
0.04,0.02,330,85,\N,0,0,30,386,465,50,No,No,0.75,5503,687,0,2015,1
0.04,0.02,330,85,\N,0,0,30,386,465,50,No,No,0.75,1033,516,0,2015,2
0.02,0.02,331,23,\N,2,6,48,59,162,65,No,No,0.2,7418,824,0,2015,1
0.02,0.02,331,23,\N,2,6,48,59,162,65,No,No,0.2,3031,606,0,2015,2
0.02,0.02,331,23,\N,2,6,48,59,162,65,No,No,0.2,503,503,0,2015,3
0.04,0,332,30,\N,0,3,89,419,165,175,No,No,0.42,3596,449,0,2015,1
0.04,0,332,30,\N,0,3,89,419,165,175,No,No,0.42,2252,750,0,2015,2
0.02,0,333,88,\N,1,1,7,91,362,190,No,No,0.87,1805,601,0,2015,1
0.02,0,333,88,\N,1,1,7,91,362,190,No,No,0.87,1753,350,0,2015,2
0.04,0.02,334,95,\N,0,6,48,451,365,50,No,No,0.08,3416,683,0,2015,1
0.04,0.02,334,95,\N,0,6,48,451,365,50,No,No,0.08,3816,763,0,2015,2
0.03,0.02,335,33,\N,1,4,66,124,62,65,No,No,0.54,1009,504,0,2015,1
0.03,0.02,335,33,\N,1,4,66,124,62,65,No,No,0.54,1002,1002,0,2015,2
0.05,0,336,41,\N,0,1,7,484,66,175,No,No,0.75,958,319,0,2015,1
0.05,0,336,41,\N,0,1,7,484,66,175,No,No,0.75,2561,512,0,2015,2
0.03,0,337,99,\N,1,7,25,156,262,190,No,No,0.21,3793,632,0,2015,1
0.03,0,337,99,\N,1,7,25,156,262,190,No,No,0.21,3495,499,0,2015,2
0.05,0.01,338,106,\N,3,5,66,16,266,50,No,No,0.42,3114,622,0,2015,1
0.05,0.01,338,106,\N,3,5,66,16,266,50,No,No,0.42,5269,752,0,2015,2
0.03,0.02,339,44,\N,1,2,84,189,463,65,Yes,No,0.87,10082,775,0,2015,1
0.03,0.02,339,44,\N,1,2,84,189,463,65,Yes,No,0.87,1990,663,0,2015,2
0.05,0.03,340,52,\N,3,0,25,49,466,175,No,No,0.08,1308,436,0,2015,1
0.05,0.03,340,52,\N,3,0,25,49,466,175,No,No,0.08,5805,829,0,2015,2
0.03,0,341,110,\N,0,5,43,221,163,190,No,Yes,0.54,4562,912,0,2015,1
0.03,0,341,110,\N,0,5,43,221,163,190,No,Yes,0.54,1188,594,0,2015,2
0.05,0.01,342,117,\N,3,3,83,82,166,50,No,No,0.75,5029,838,0,2015,1
0.05,0.01,342,117,\N,3,3,83,82,166,50,No,No,0.75,6821,757,0,2015,2
0.04,0.02,343,55,\N,0,0,2,254,363,65,No,No,0.21,334,334,0,2015,1
0.04,0.02,343,55,\N,0,0,2,254,363,65,No,No,0.21,3588,717,0,2015,2
0.06,0.03,344,62,\N,3,6,42,114,367,175,No,No,0.42,1023,511,0,2015,1
0.06,0.03,344,62,\N,3,6,42,114,367,175,No,No,0.42,3263,652,0,2015,2
0.04,0,345,0,\N,0,3,61,287,64,190,No,No,0.87,1711,342,0,2015,1
0.04,0,345,0,\N,0,3,61,287,64,190,No,No,0.87,3701,740,0,2015,2
0.04,0,345,0,\N,0,3,61,287,64,190,No,No,0.87,589,589,0,2015,3
0.06,0.01,346,8,\N,2,1,1,147,67,50,No,No,0.08,4799,799,0,2015,1
0.06,0.01,346,8,\N,2,1,1,147,67,50,No,No,0.08,5270,527,0,2015,2
0.04,0.02,347,66,\N,3,6,20,319,264,65,No,No,0.54,3076,384,0,2015,1
0.04,0.02,347,66,\N,3,6,20,319,264,65,No,No,0.54,4243,1060,0,2015,2
0.06,0.03,348,73,\N,2,4,60,179,267,175,No,Yes,0.75,4263,1065,0,2015,1
0.06,0.03,348,73,\N,2,4,60,179,267,175,No,Yes,0.75,3540,708,0,2015,2
0.04,0,349,11,\N,3,2,79,352,464,190,No,No,0.21,4017,573,0,2015,1
0.04,0,349,11,\N,3,2,79,352,464,190,No,No,0.21,1585,792,0,2015,2
0.06,0.01,350,19,\N,2,7,19,212,468,50,No,No,0.42,6321,790,0,2015,1
0.06,0.01,350,19,\N,2,7,19,212,468,50,No,No,0.42,2812,703,0,2015,2
0.05,0.02,351,76,\N,3,5,38,384,165,65,No,No,0.88,4690,670,1,2015,1
0.05,0.02,351,76,\N,3,5,38,384,165,65,No,No,0.88,1509,503,1,2015,2
0.07,0.03,352,84,\N,1,2,78,244,168,175,No,No,0.09,4898,544,1,2015,1
0.07,0.03,352,84,\N,1,2,78,244,168,175,No,No,0.09,6636,829,1,2015,2
0.05,0,353,22,\N,3,0,97,417,365,190,No,No,0.54,5041,1260,0,2015,1
0.05,0,353,22,\N,3,0,97,417,365,190,No,No,0.54,2385,477,0,2015,2
0.07,0.01,354,29,\N,1,5,37,277,368,50,No,No,0.75,3737,533,0,2015,1
0.07,0.01,354,29,\N,1,5,37,277,368,50,No,No,0.75,4489,641,0,2015,2
0.05,0.02,355,87,\N,2,3,56,449,65,65,No,No,0.21,2835,405,0,2015,1
0.05,0.02,355,87,\N,2,3,56,449,65,65,No,No,0.21,455,455,0,2015,2
0.05,0.02,355,87,\N,2,3,56,449,65,65,No,No,0.21,726,726,0,2015,3
0.07,0.03,356,95,\N,1,0,96,309,69,175,No,No,0.42,4608,768,0,2015,1
0.07,0.03,356,95,\N,1,0,96,309,69,175,No,No,0.42,3641,910,0,2015,2
0.05,0,357,33,\N,2,6,15,482,266,190,No,No,0.88,4022,1005,0,2015,1
0.05,0,357,33,\N,2,6,15,482,266,190,No,No,0.88,1125,375,0,2015,2
0.07,0.01,358,40,\N,1,3,55,342,269,50,No,No,0.09,756,378,0,2015,1
0.07,0.01,358,40,\N,1,3,55,342,269,50,No,No,0.09,2739,684,0,2015,2
0.06,0.02,359,98,\N,2,1,73,14,466,65,No,No,0.54,2943,735,0,2015,1
0.06,0.02,359,98,\N,2,1,73,14,466,65,No,No,0.54,3348,669,0,2015,2
0,0.03,360,105,\N,0,6,14,375,469,175,No,No,0.75,3096,516,0,2015,1
0,0.03,360,105,\N,0,6,14,375,469,175,No,No,0.75,4742,948,0,2015,2
0.06,0,361,43,\N,2,4,32,47,166,190,No,No,0.21,3691,922,0,2015,1
0.06,0,361,43,\N,2,4,32,47,166,190,No,No,0.21,2992,997,0,2015,2
0,0.01,362,51,\N,0,1,73,407,169,50,No,No,0.42,7580,758,0,2015,1
0,0.01,362,51,\N,0,1,73,407,169,50,No,No,0.42,6692,743,0,2015,2
0.06,0.02,363,109,\N,1,7,91,80,366,65,No,Yes,0.88,3026,605,0,2015,1
0.06,0.02,363,109,\N,1,7,91,80,366,65,No,Yes,0.88,2544,636,0,2015,2
0,0.03,364,116,\N,0,4,32,440,370,175,Yes,No,0.09,3790,541,0,2015,1
0,0.03,364,116,\N,0,4,32,440,370,175,Yes,No,0.09,6185,687,0,2015,2
0.06,0,365,54,\N,1,2,50,112,67,190,No,No,0.54,3604,720,0,2015,1
0.06,0,365,54,\N,1,2,50,112,67,190,No,No,0.54,5702,814,0,2015,2
0,0.01,366,62,\N,0,0,91,472,70,50,No,No,0.76,6902,766,0,2015,1
0,0.01,366,62,\N,0,0,91,472,70,50,No,No,0.76,4610,768,0,2015,2
0.07,0.02,367,0,\N,1,5,9,145,267,65,No,No,0.21,5706,1141,0,2015,1
0.07,0.02,367,0,\N,1,5,9,145,267,65,No,No,0.21,1804,601,0,2015,2
0.01,0.03,368,7,\N,3,3,50,5,270,175,No,No,0.42,4279,475,0,2015,1
0.01,0.03,368,7,\N,3,3,50,5,270,175,No,No,0.42,2692,538,0,2015,2
0.07,0,369,65,\N,0,0,68,177,467,190,No,No,0.88,5347,1069,0,2015,1
0.07,0,369,65,\N,0,0,68,177,467,190,No,No,0.88,4698,671,0,2015,2
0.01,0.01,370,72,\N,3,6,9,37,471,50,No,Yes,0.09,1485,495,0,2015,1
0.07,0.02,371,10,\N,0,3,27,210,168,65,No,No,0.55,5358,893,0,2015,1
0.07,0.02,371,10,\N,0,3,27,210,168,65,No,No,0.55,6064,758,0,2015,2
0.07,0.02,371,10,\N,0,3,27,210,168,65,No,No,0.55,229,229,0,2015,3
0.01,0.03,372,18,\N,3,1,67,70,171,175,No,No,0.76,5220,745,0,2015,1
0.01,0.03,372,18,\N,3,1,67,70,171,175,No,No,0.76,4904,817,0,2015,2
0.07,0,373,76,\N,0,6,86,242,368,190,No,No,0.21,4447,741,0,2015,1
0.07,0,373,76,\N,0,6,86,242,368,190,No,No,0.21,2125,708,0,2015,2
0.01,0.01,374,83,\N,2,4,26,102,371,50,No,No,0.42,3341,556,0,2015,1
0.01,0.01,374,83,\N,2,4,26,102,371,50,No,No,0.42,963,481,0,2015,2
0,0.02,375,21,\N,0,1,45,275,68,65,No,No,0.88,10672,762,1,2015,1
0,0.02,375,21,\N,0,1,45,275,68,65,No,No,0.88,2393,797,1,2015,2
0,0.02,375,21,\N,0,1,45,275,68,65,No,No,0.88,326,326,1,2015,3
0.02,0.03,376,29,\N,2,7,85,135,72,175,No,No,0.09,3284,821,0,2015,1
0.02,0.03,376,29,\N,2,7,85,135,72,175,No,No,0.09,7560,756,0,2015,2
0,0,377,86,\N,3,4,4,307,269,190,No,No,0.55,4092,511,1,2015,1
0,0,377,86,\N,3,4,4,307,269,190,No,No,0.55,1259,629,1,2015,2
0.02,0.01,378,94,\N,2,2,44,168,272,50,No,No,0.76,2357,785,0,2015,1
0.02,0.01,378,94,\N,2,2,44,168,272,50,No,No,0.76,5362,893,0,2015,2
0.02,0.01,378,94,\N,2,2,44,168,272,50,No,No,0.76,1097,1097,0,2015,3
0,0.02,379,32,\N,3,0,63,340,469,65,No,No,0.21,5147,735,0,2015,1
0,0.02,379,32,\N,3,0,63,340,469,65,No,No,0.21,6894,861,0,2015,2
0.02,0.03,380,39,\N,2,5,3,200,472,175,No,No,0.43,3952,790,0,2015,1
0.02,0.03,380,39,\N,2,5,3,200,472,175,No,No,0.43,1970,985,0,2015,2
0,0,381,97,\N,3,3,22,373,169,190,Yes,No,0.88,2231,1115,0,2015,1
0,0,381,97,\N,3,3,22,373,169,190,Yes,No,0.88,2013,671,0,2015,2
0.02,0.01,382,105,\N,1,0,62,233,173,50,No,No,0.09,2350,587,0,2015,1
0.02,0.01,382,105,\N,1,0,62,233,173,50,No,No,0.09,4660,932,0,2015,2
0.01,0.02,383,43,\N,3,6,81,405,369,65,No,No,0.55,7323,915,0,2015,1
0.01,0.02,383,43,\N,3,6,81,405,369,65,No,No,0.55,4293,715,0,2015,2
0.03,0.03,384,50,\N,1,3,21,265,373,175,No,No,0.76,7271,1038,0,2015,1
0.03,0.03,384,50,\N,1,3,21,265,373,175,No,No,0.76,4276,855,0,2015,2
0.03,0.03,384,50,\N,1,3,21,265,373,175,No,No,0.76,1166,1166,0,2015,3
0.01,0,385,108,\N,2,1,40,438,70,190,No,No,0.22,3248,812,0,2015,1
0.01,0,385,108,\N,2,1,40,438,70,190,No,No,0.22,2234,558,0,2015,2
0.03,0.01,386,115,\N,1,6,80,298,73,50,No,No,0.43,2761,552,0,2015,1
0.03,0.01,386,115,\N,1,6,80,298,73,50,No,No,0.43,813,813,0,2015,2
0.03,0.01,386,115,\N,1,6,80,298,73,50,No,No,0.43,491,491,0,2015,3
0.01,0.02,387,53,\N,2,4,98,470,270,65,No,No,0.88,4868,811,0,2015,1
0.01,0.02,387,53,\N,2,4,98,470,270,65,No,No,0.88,7974,797,0,2015,2
0.03,0.03,388,61,\N,0,1,39,330,273,175,No,No,0.09,2070,517,0,2015,1
0.03,0.03,388,61,\N,0,1,39,330,273,175,No,No,0.09,5787,826,0,2015,2
0.01,0,389,119,\N,2,7,57,3,470,190,No,No,0.55,6523,815,0,2015,1
0.01,0,389,119,\N,2,7,57,3,470,190,No,No,0.55,1431,715,0,2015,2
0.03,0.01,390,6,\N,0,4,98,363,474,50,No,No,0.76,3924,981,0,2015,1
0.03,0.01,390,6,\N,0,4,98,363,474,50,No,No,0.76,9043,822,0,2015,2
0.02,0.02,391,64,\N,1,2,16,35,171,65,No,No,0.22,4245,606,0,2015,1
0.02,0.02,391,64,\N,1,2,16,35,171,65,No,No,0.22,4209,841,0,2015,2
0.04,0.03,392,72,\N,0,7,57,395,174,175,No,Yes,0.43,2410,803,0,2015,1
0.04,0.03,392,72,\N,0,7,57,395,174,175,No,Yes,0.43,5827,832,0,2015,2
0.02,0,393,10,\N,1,5,75,68,371,190,No,No,0.88,4150,592,0,2015,1
0.02,0,393,10,\N,1,5,75,68,371,190,No,No,0.88,5423,1084,0,2015,2
0.04,0.01,394,17,\N,0,2,16,428,374,50,No,No,0.09,2100,1050,0,2015,1
0.04,0.01,394,17,\N,0,2,16,428,374,50,No,No,0.09,5599,933,0,2015,2
0.02,0.01,395,75,\N,1,0,34,100,71,65,No,No,0.55,1000,500,0,2015,1
0.02,0.01,395,75,\N,1,0,34,100,71,65,No,No,0.55,6459,807,0,2015,2
0.04,0.03,396,82,\N,3,6,75,461,75,175,No,No,0.76,2992,748,0,2015,1
0.04,0.03,396,82,\N,3,6,75,461,75,175,No,No,0.76,1388,462,0,2015,2
0.02,0.03,397,20,\N,1,3,93,133,272,190,No,No,0.22,1924,962,0,2015,1
0.02,0.03,397,20,\N,1,3,93,133,272,190,No,No,0.22,2093,418,0,2015,2
0.04,0.01,398,28,\N,3,1,34,493,275,50,No,No,0.43,1838,459,0,2015,1
0.04,0.01,398,28,\N,3,1,34,493,275,50,No,No,0.43,3760,940,0,2015,2
0.03,0.01,399,86,\N,0,6,52,166,472,65,No,No,0.89,11,11,0,2015,1
0.03,0.01,399,86,\N,0,6,52,166,472,65,No,No,0.89,3320,830,0,2015,2
0.05,0.03,400,93,\N,3,4,92,26,475,175,No,No,0.1,2765,691,0,2015,1
0.05,0.03,400,93,\N,3,4,92,26,475,175,No,No,0.1,3837,959,0,2015,2
0.03,0.03,401,31,\N,0,1,11,198,172,190,No,No,0.55,2845,569,0,2015,1
0.03,0.03,401,31,\N,0,1,11,198,172,190,No,No,0.55,2766,691,0,2015,2
0.05,0.01,402,39,\N,3,7,51,58,176,50,No,No,0.76,2433,811,0,2015,1
0.05,0.01,402,39,\N,3,7,51,58,176,50,No,No,0.76,4483,747,0,2015,2
0.05,0.01,402,39,\N,3,7,51,58,176,50,No,No,0.76,476,476,0,2015,3
0.03,0.01,403,96,\N,0,4,70,231,373,65,Yes,No,0.22,3248,812,0,2015,1
0.03,0.01,403,96,\N,0,4,70,231,373,65,Yes,No,0.22,1266,633,0,2015,2
0.05,0.03,404,104,\N,2,2,10,91,376,175,No,No,0.43,2526,421,0,2015,1
0.05,0.03,404,104,\N,2,2,10,91,376,175,No,No,0.43,3368,673,0,2015,2
0.05,0.03,404,104,\N,2,2,10,91,376,175,No,No,0.43,113,113,0,2015,3
0.03,0.03,405,42,\N,0,7,29,263,73,190,No,Yes,0.89,5975,1195,0,2015,1
0.03,0.03,405,42,\N,0,7,29,263,73,190,No,Yes,0.89,3359,559,0,2015,2
0.03,0.03,405,42,\N,0,7,29,263,73,190,No,Yes,0.89,1130,1130,0,2015,3
0.06,0.01,406,49,\N,2,5,69,123,76,50,No,No,0.1,1920,640,0,2015,1
0.06,0.01,406,49,\N,2,5,69,123,76,50,No,No,0.1,4249,531,0,2015,2
0.04,0.01,407,107,\N,3,3,88,296,273,65,No,No,0.55,4812,601,0,2015,1
0.04,0.01,407,107,\N,3,3,88,296,273,65,No,No,0.55,720,360,0,2015,2
0.06,0.03,408,115,\N,2,0,28,156,276,175,No,No,0.76,5291,755,0,2015,1
0.06,0.03,408,115,\N,2,0,28,156,276,175,No,No,0.76,1329,443,0,2015,2
0.04,0.03,409,53,\N,3,6,47,328,473,190,No,No,0.22,3535,883,1,2015,1
0.04,0.03,409,53,\N,3,6,47,328,473,190,No,No,0.22,3372,843,1,2015,2
0.06,0.01,410,60,\N,1,3,87,188,477,50,No,No,0.43,6650,831,0,2015,1
0.06,0.01,410,60,\N,1,3,87,188,477,50,No,No,0.43,4245,707,0,2015,2
0.06,0.01,410,60,\N,1,3,87,188,477,50,No,No,0.43,626,626,0,2015,3
0.04,0.01,411,118,\N,3,1,6,361,174,65,No,No,0.89,2617,872,0,2015,1
0.04,0.01,411,118,\N,3,1,6,361,174,65,No,No,0.89,3900,557,0,2015,2
0.04,0.01,411,118,\N,3,1,6,361,174,65,No,No,0.89,1184,1184,0,2015,3
0.06,0.03,412,5,\N,1,6,46,221,177,175,No,No,0.1,2174,543,0,2015,1
0.06,0.03,412,5,\N,1,6,46,221,177,175,No,No,0.1,5923,987,0,2015,2
0.04,0.03,413,63,\N,2,4,65,393,374,190,No,No,0.55,1304,434,0,2015,1
0.04,0.03,413,63,\N,2,4,65,393,374,190,No,No,0.55,4129,589,0,2015,2
0.07,0.01,414,71,\N,1,1,5,254,377,50,No,Yes,0.77,6045,863,0,2015,1
0.07,0.01,414,71,\N,1,1,5,254,377,50,No,Yes,0.77,4444,634,0,2015,2
0.05,0.01,415,9,\N,2,7,23,426,74,65,No,No,0.22,1947,973,0,2015,1
0.05,0.01,415,9,\N,2,7,23,426,74,65,No,No,0.22,2267,566,0,2015,2
0.07,0.03,416,16,\N,1,4,64,286,78,175,No,No,0.43,4911,982,0,2015,1
0.07,0.03,416,16,\N,1,4,64,286,78,175,No,No,0.43,4436,739,0,2015,2
0.07,0.03,416,16,\N,1,4,64,286,78,175,No,No,0.43,348,348,0,2015,3
0.05,0.03,417,74,\N,2,2,82,459,275,190,No,No,0.89,887,443,0,2015,1
0.05,0.03,417,74,\N,2,2,82,459,275,190,No,No,0.89,1923,480,0,2015,2
0.07,0.01,418,82,\N,0,7,23,319,278,50,No,No,0.1,1355,451,0,2015,1
0.07,0.01,418,82,\N,0,7,23,319,278,50,No,No,0.1,730,730,0,2015,2
0.07,0.01,418,82,\N,0,7,23,319,278,50,No,No,0.1,755,755,0,2015,3
0.05,0.01,419,20,\N,2,5,41,491,475,64,No,No,0.56,3105,776,0,2015,1
0.05,0.01,419,20,\N,2,5,41,491,475,64,No,No,0.56,1636,818,0,2015,2
0.07,0.03,420,27,\N,0,2,82,351,478,174,No,No,0.77,7056,882,0,2015,1
0.07,0.03,420,27,\N,0,2,82,351,478,174,No,No,0.77,2527,842,0,2015,2
0.06,0.03,421,85,\N,1,0,0,24,175,189,No,No,0.22,1571,785,0,2015,1
0.06,0.03,421,85,\N,1,0,0,24,175,189,No,No,0.22,1260,315,0,2015,2
0.06,0.03,421,85,\N,1,0,0,24,175,189,No,No,0.22,420,420,0,2015,3
0,0.01,422,92,\N,0,5,41,384,179,49,No,No,0.43,3351,670,0,2015,1
0,0.01,422,92,\N,0,5,41,384,179,49,No,No,0.43,6100,762,0,2015,2
0,0.01,422,92,\N,0,5,41,384,179,49,No,No,0.43,288,288,0,2015,3
0.06,0.01,423,30,\N,1,3,59,56,376,64,No,No,0.89,4755,792,0,2015,1
0.06,0.01,423,30,\N,1,3,59,56,376,64,No,No,0.89,2207,1103,0,2015,2
0,0.03,424,38,\N,0,1,0,416,379,174,No,No,0.1,1453,726,0,2015,1
0,0.03,424,38,\N,0,1,0,416,379,174,No,No,0.1,4835,805,0,2015,2
0.06,0.03,425,96,\N,1,6,18,89,76,189,No,No,0.56,2302,1151,0,2015,1
0.06,0.03,425,96,\N,1,6,18,89,76,189,No,No,0.56,2535,633,0,2015,2
0,0.01,426,103,\N,3,4,59,449,79,49,No,No,0.77,7083,708,0,2015,1
0,0.01,426,103,\N,3,4,59,449,79,49,No,No,0.77,4619,923,0,2015,2
0.06,0.01,427,41,\N,1,1,77,121,276,64,No,Yes,0.22,1816,908,0,2015,2
0,0.03,428,49,\N,3,7,18,481,280,174,Yes,No,0.44,2051,683,0,2015,1
0,0.03,428,49,\N,3,7,18,481,280,174,Yes,No,0.44,3030,757,0,2015,2
0.07,0.03,429,106,\N,0,4,36,154,476,189,No,No,0.89,3469,693,1,2015,1
0.07,0.03,429,106,\N,0,4,36,154,476,189,No,No,0.89,4699,671,1,2015,2
0.01,0.01,430,114,\N,3,2,76,14,480,49,No,No,0.1,2916,729,0,2015,1
0.01,0.01,430,114,\N,3,2,76,14,480,49,No,No,0.1,5004,834,0,2015,2
0.07,0.01,431,52,\N,0,7,95,186,177,64,No,No,0.56,5256,876,0,2015,1
0.07,0.01,431,52,\N,0,7,95,186,177,64,No,No,0.56,3418,1139,0,2015,2
0.01,0.03,432,59,\N,2,5,35,47,180,174,No,No,0.77,6318,1053,0,2015,1
0.01,0.03,432,59,\N,2,5,35,47,180,174,No,No,0.77,4998,624,0,2015,2
0.07,0.03,433,117,\N,0,2,54,219,377,189,No,No,0.23,5698,949,0,2015,1
0.07,0.03,433,117,\N,0,2,54,219,377,189,No,No,0.23,1083,541,0,2015,2
0.01,0.01,434,5,\N,2,0,94,79,380,49,No,No,0.44,3045,507,0,2015,1
0.01,0.01,434,5,\N,2,0,94,79,380,49,No,No,0.44,3007,1002,0,2015,2
0.07,0.01,435,63,\N,3,6,13,252,77,64,No,No,0.89,3774,754,1,2015,1
0.07,0.01,435,63,\N,3,6,13,252,77,64,No,No,0.89,1890,945,1,2015,2
0.01,0.03,436,70,\N,2,3,53,112,81,174,No,Yes,0.1,2210,552,0,2015,1
0.01,0.03,436,70,\N,2,3,53,112,81,174,No,Yes,0.1,4066,677,0,2015,2
0.01,0.03,436,70,\N,2,3,53,112,81,174,No,Yes,0.1,1002,1002,0,2015,3
0,0.03,437,8,\N,3,1,72,284,278,189,No,No,0.56,1696,565,0,2015,1
0,0.03,437,8,\N,3,1,72,284,278,189,No,No,0.56,4731,675,0,2015,2
0.02,0.01,438,16,\N,2,6,12,144,281,49,No,No,0.77,7621,692,1,2015,1
0.02,0.01,438,16,\N,2,6,12,144,281,49,No,No,0.77,3538,884,1,2015,2
0,0.01,439,73,\N,3,4,31,317,478,64,No,No,0.23,4720,944,0,2015,1
0,0.01,439,73,\N,3,4,31,317,478,64,No,No,0.23,3320,664,0,2015,2
0.02,0.03,440,81,\N,1,1,71,177,481,174,No,No,0.44,2716,388,0,2015,1
0.02,0.03,440,81,\N,1,1,71,177,481,174,No,No,0.44,754,251,0,2015,2
0,0.03,441,19,\N,3,7,90,349,178,189,No,No,0.89,3489,498,0,2015,1
0,0.03,441,19,\N,3,7,90,349,178,189,No,No,0.89,3107,776,0,2015,2
0.02,0.01,442,26,\N,1,4,30,209,182,49,No,No,0.11,1719,343,0,2015,1
0.02,0.01,442,26,\N,1,4,30,209,182,49,No,No,0.11,3151,630,0,2015,2
0,0.01,443,84,\N,2,2,49,382,379,64,No,No,0.56,1749,874,0,2015,1
0,0.01,443,84,\N,2,2,49,382,379,64,No,No,0.56,2923,730,0,2015,2
0,0.01,443,84,\N,2,2,49,382,379,64,No,No,0.56,138,138,0,2015,3
0.02,0.03,444,92,\N,1,7,89,242,382,174,No,No,0.77,2958,739,0,2015,1
0.02,0.03,444,92,\N,1,7,89,242,382,174,No,No,0.77,4234,846,0,2015,2
0.02,0.03,444,92,\N,1,7,89,242,382,174,No,No,0.77,607,607,0,2015,3
0.01,0.03,445,30,\N,2,5,7,414,79,189,Yes,No,0.23,3888,777,0,2015,1
0.01,0.03,445,30,\N,2,5,7,414,79,189,Yes,No,0.23,2985,746,0,2015,2
0.03,0.01,446,37,\N,1,2,48,274,82,49,No,No,0.44,726,363,0,2015,1
0.03,0.01,446,37,\N,1,2,48,274,82,49,No,No,0.44,1262,1262,0,2015,2
0.01,0.01,447,95,\N,2,0,66,447,279,64,No,No,0.9,6192,884,0,2015,1
0.01,0.01,447,95,\N,2,0,66,447,279,64,No,No,0.9,3270,1090,0,2015,2
0.03,0.03,448,102,\N,0,5,7,307,283,174,No,No,0.11,5296,756,0,2015,1
0.03,0.03,448,102,\N,0,5,7,307,283,174,No,No,0.11,2760,460,0,2015,2
0.01,0.03,449,40,\N,1,3,25,479,480,189,No,Yes,0.56,1362,681,1,2015,1
0.01,0.03,449,40,\N,1,3,25,479,480,189,No,Yes,0.56,6357,794,1,2015,2
0.01,0.03,449,40,\N,1,3,25,479,480,189,No,Yes,0.56,1084,542,1,2015,3
0.03,0.01,450,48,\N,0,0,66,340,483,49,No,No,0.77,4893,699,0,2015,1
0.03,0.01,450,48,\N,0,0,66,340,483,49,No,No,0.77,3220,644,0,2015,2
0.01,0.01,451,106,\N,1,6,84,12,180,64,No,No,0.23,3728,621,0,2015,1
0.01,0.01,451,106,\N,1,6,84,12,180,64,No,No,0.23,5241,873,0,2015,2
0.01,0.01,451,106,\N,1,6,84,12,180,64,No,No,0.23,948,948,0,2015,3
0.03,0.03,452,113,\N,0,4,25,372,183,174,No,No,0.44,1457,485,1,2015,1
0.03,0.03,452,113,\N,0,4,25,372,183,174,No,No,0.44,3279,819,1,2015,2
0.03,0.03,452,113,\N,0,4,25,372,183,174,No,No,0.44,1293,1293,1,2015,3
0.02,0.03,453,51,\N,1,1,43,45,380,189,No,No,0.9,6322,632,0,2015,1
0.02,0.03,453,51,\N,1,1,43,45,380,189,No,No,0.9,2142,714,0,2015,2
0.04,0.01,454,59,\N,3,7,84,405,384,49,No,No,0.11,1542,308,0,2015,1
0.04,0.01,454,59,\N,3,7,84,405,384,49,No,No,0.11,3171,792,0,2015,2
0.02,0.01,455,117,\N,1,4,2,77,80,64,No,No,0.56,1099,549,0,2015,1
0.02,0.01,455,117,\N,1,4,2,77,80,64,No,No,0.56,6195,885,0,2015,2
0.04,0.03,456,4,\N,3,2,43,437,84,174,No,No,0.77,4503,750,1,2015,1
0.04,0.03,456,4,\N,3,2,43,437,84,174,No,No,0.77,4108,1027,1,2015,2
0.04,0.03,456,4,\N,3,2,43,437,84,174,No,No,0.77,662,662,1,2015,3
0.02,0.03,457,62,\N,0,7,61,110,281,189,No,No,0.23,2512,502,0,2015,1
0.02,0.03,457,62,\N,0,7,61,110,281,189,No,No,0.23,5183,863,0,2015,2
0.04,0.01,458,69,\N,3,5,1,470,284,49,No,Yes,0.44,1686,562,0,2015,1
0.04,0.01,458,69,\N,3,5,1,470,284,49,No,Yes,0.44,5195,649,0,2015,2
0.02,0.01,459,7,\N,0,2,20,142,481,64,No,No,0.9,2359,786,0,2015,1
0.02,0.01,459,7,\N,0,2,20,142,481,64,No,No,0.9,2662,665,0,2015,2
0.04,0.03,460,15,\N,3,0,60,2,484,174,No,No,0.11,4027,575,1,2015,1
0.04,0.03,460,15,\N,3,0,60,2,484,174,No,No,0.11,4727,590,1,2015,2
0.03,0.03,461,73,\N,0,5,79,175,181,189,No,No,0.57,3854,642,0,2015,1
0.03,0.03,461,73,\N,0,5,79,175,181,189,No,No,0.57,3268,653,0,2015,2
0.03,0.03,461,73,\N,0,5,79,175,181,189,No,No,0.57,779,779,0,2015,3